id,1,2,3,4,5
59.0,833.0,2368.0,2629.0,3753.0,3816.0
138.0,833.0,918.0,1557.0,3753.0,3814.0
193.0,833.0,1557.0,3753.0,3816.0,3827.0
337.0,360.0,833.0,1557.0,3753.0,3816.0
345.0,833.0,3753.0,3816.0,3876.0,3915.0
764.0,833.0,3753.0,3816.0,3827.0,3876.0
821.0,833.0,3753.0,3816.0,3827.0,3876.0
942.0,717.0,947.0,1238.0,3762.0,3807.0
1010.0,833.0,3753.0,3816.0,3827.0,3876.0
1033.0,30.0,124.0,126.0,3807.0,3834.0
1159.0,3807.0,3834.0,3864.0,3900.0,3913.0
3621.0,833.0,2368.0,2629.0,3753.0,3816.0
3720.0,3796.0,126.0,947.0,3763.0,3796.0
3752.0,3796.0,126.0,1343.0,3796.0,3840.0
3784.0,833.0,3753.0,3816.0,3876.0,3915.0
3788.0,947.0,1343.0,3763.0,3840.0,3880.0
3796.0,30.0,124.0,126.0,3807.0,3864.0
3799.0,1549.0,1714.0,2368.0,2629.0,3831.0
3847.0,345.0,30.0,124.0,126.0,345.0
3865.0,358.0,358.0,876.0,2372.0,3807.0
3885.0,358.0,1240.0,1431.0,1549.0,1714.0
3889.0,358.0,1240.0,1431.0,1549.0,1714.0
3899.0,358.0,1240.0,1431.0,1549.0,1714.0
3913.0,214.0,819.0,946.0,3458.0,3926.0
3918.0,358.0,1240.0,1431.0,1549.0,1714.0
3926.0,358.0,1240.0,1431.0,1549.0,1714.0
3961.0,358.0,1240.0,1431.0,1549.0,1714.0
3973.0,358.0,1240.0,1431.0,1549.0,1714.0
3990.0,358.0,1240.0,1431.0,1549.0,1714.0
3991.0,358.0,480.0,923.0,1240.0,1431.0
4012.0,3796.0,126.0,947.0,1343.0,3763.0
29.0,4015.0,1238.0,1294.0,1582.0,2748.0
27.0,358.0,1240.0,1431.0,1549.0,1714.0
215.0,717.0,1238.0,3814.0,3920.0,3929.0
247.0,358.0,1240.0,1431.0,1549.0,1714.0
335.0,358.0,1240.0,1431.0,1549.0,1714.0
409.0,358.0,1240.0,1431.0,1549.0,1714.0
485.0,358.0,1240.0,1431.0,1549.0,1714.0
717.0,358.0,1240.0,1431.0,1549.0,1714.0
832.0,358.0,1240.0,1431.0,1549.0,1714.0
917.0,717.0,1238.0,3814.0,3920.0,3929.0
945.0,358.0,1240.0,1431.0,1549.0,1714.0
1238.0,358.0,1240.0,1431.0,1549.0,1714.0
1425.0,358.0,1240.0,1431.0,1549.0,1714.0
2001.0,358.0,1240.0,1431.0,1549.0,1714.0
1991.0,1549.0,1553.0,1714.0,3458.0,3857.0
2028.0,1553.0,3458.0,3752.0,3857.0,3922.0
2034.0,717.0,947.0,1238.0,3762.0,3807.0
2247.0,1549.0,1714.0,3752.0,3857.0,3927.0
3360.0,1549.0,1714.0,3752.0,3857.0,3927.0
3483.0,1549.0,1714.0,3752.0,3857.0,3927.0
3650.0,1549.0,1714.0,3752.0,3857.0,3927.0
3750.0,717.0,947.0,1238.0,3762.0,3807.0
3755.0,1549.0,1714.0,3752.0,3857.0,3927.0
3766.0,1549.0,1714.0,3752.0,3857.0,3927.0
3769.0,1549.0,1714.0,3752.0,3857.0,3927.0
3772.0,358.0,358.0,876.0,2372.0,3807.0
3811.0,1549.0,1714.0,3752.0,3857.0,3927.0
3827.0,221.0,475.0,3760.0,3807.0,3837.0
3835.0,1093.0,1549.0,1710.0,1714.0,2368.0
3837.0,766.0,1174.0,3767.0,4048.0,4050.0
3841.0,1239.0,1257.0,3767.0,3772.0,3895.0
3870.0,214.0,819.0,946.0,3458.0,3926.0
3903.0,358.0,358.0,876.0,2372.0,3807.0
3914.0,214.0,819.0,946.0,3458.0,3926.0
3919.0,1549.0,1714.0,3752.0,3857.0,3927.0
3939.0,1549.0,1714.0,3752.0,3857.0,3927.0
3952.0,1549.0,1714.0,3752.0,3857.0,3927.0
3976.0,4015.0,1238.0,1294.0,1582.0,2748.0
45.0,876.0,1549.0,2003.0,3760.0,3772.0
63.0,1549.0,1714.0,3752.0,3857.0,3927.0
80.0,1549.0,1714.0,3752.0,3857.0,3927.0
184.0,1549.0,1714.0,3752.0,3857.0,3927.0
249.0,3767.0,3919.0,4048.0,4050.0,4059.0
414.0,1549.0,1714.0,3752.0,3857.0,3927.0
481.0,1549.0,1714.0,3752.0,3857.0,3927.0
1020.0,1553.0,3458.0,3752.0,3857.0,3922.0
1258.0,1549.0,1553.0,1714.0,3458.0,3857.0
1805.0,358.0,1240.0,1431.0,1549.0,1714.0
2181.0,358.0,1240.0,1431.0,1549.0,1714.0
2295.0,358.0,1240.0,1431.0,1549.0,1714.0
2368.0,358.0,1240.0,1431.0,1549.0,1714.0
2901.0,2011.0,3754.0,3760.0,3807.0,3816.0
3102.0,358.0,1240.0,1431.0,1549.0,1714.0
3352.0,358.0,1240.0,1431.0,1549.0,1714.0
3559.0,1239.0,1257.0,3767.0,3772.0,3895.0
3764.0,358.0,1240.0,1431.0,1549.0,1714.0
3776.0,358.0,1240.0,1431.0,1549.0,1714.0
3801.0,358.0,1240.0,1431.0,1549.0,1714.0
3806.0,126.0,221.0,475.0,2011.0,3754.0
3812.0,358.0,1240.0,1431.0,1549.0,1714.0
3860.0,358.0,480.0,923.0,1240.0,1431.0
3869.0,358.0,480.0,923.0,1240.0,1431.0
3891.0,358.0,480.0,923.0,1240.0,1431.0
3900.0,358.0,1240.0,1431.0,1549.0,1714.0
3910.0,833.0,3753.0,3816.0,3827.0,3876.0
3934.0,358.0,358.0,876.0,2372.0,3807.0
3982.0,358.0,1240.0,1431.0,1549.0,1714.0
3992.0,358.0,1240.0,1431.0,1549.0,1714.0
3993.0,358.0,1240.0,1431.0,1549.0,1714.0
358.0,1239.0,1257.0,3767.0,3772.0,3895.0
377.0,358.0,1240.0,1431.0,1549.0,1714.0
1042.0,358.0,1240.0,1431.0,1549.0,1714.0
1712.0,1244.0,3760.0,3807.0,4048.0,4076.0
3463.0,358.0,1240.0,1431.0,1549.0,1714.0
3647.0,358.0,1240.0,1431.0,1549.0,1714.0
3747.0,1244.0,3760.0,3807.0,4048.0,4076.0
3761.0,1549.0,1553.0,1714.0,3458.0,3857.0
3775.0,1553.0,3458.0,3752.0,3857.0,3922.0
3814.0,1549.0,1714.0,3752.0,3857.0,3927.0
3817.0,1549.0,1714.0,3752.0,3857.0,3927.0
3831.0,1549.0,1714.0,3752.0,3857.0,3927.0
3896.0,717.0,1238.0,3814.0,3920.0,3929.0
3902.0,1549.0,1714.0,3752.0,3857.0,3927.0
3908.0,876.0,1549.0,2003.0,3760.0,3772.0
3916.0,766.0,1174.0,3919.0,4050.0,4059.0
3928.0,1549.0,1714.0,3752.0,3857.0,3927.0
3983.0,1549.0,1714.0,3752.0,3857.0,3927.0
3986.0,4015.0,1238.0,1294.0,1582.0,2748.0
28.0,1549.0,1714.0,3752.0,3857.0,3927.0
250.0,1549.0,1714.0,3752.0,3857.0,3927.0
408.0,1549.0,1714.0,3752.0,3857.0,3927.0
487.0,1553.0,3458.0,3857.0,3922.0,4031.0
883.0,1553.0,3458.0,3752.0,3857.0,3922.0
1067.0,1553.0,3458.0,3857.0,3922.0,4031.0
1295.0,1549.0,1714.0,3752.0,3857.0,3927.0
1343.0,1549.0,1714.0,3752.0,3857.0,3927.0
2296.0,1549.0,1714.0,3752.0,3857.0,3927.0
2330.0,1549.0,1714.0,3752.0,3857.0,3927.0
2407.0,1549.0,1714.0,3752.0,3857.0,3927.0
2530.0,1549.0,1714.0,3752.0,3857.0,3927.0
3753.0,1549.0,1714.0,3752.0,3857.0,3927.0
3767.0,1549.0,1714.0,3752.0,3857.0,3927.0
3781.0,1549.0,1714.0,3752.0,3857.0,3927.0
3786.0,128.0,2368.0,2629.0,3480.0,3817.0
3789.0,1549.0,1714.0,3752.0,3857.0,3927.0
3810.0,1549.0,1714.0,3752.0,3857.0,3927.0
3813.0,1549.0,1714.0,3752.0,3857.0,3927.0
3825.0,1553.0,3458.0,3752.0,3857.0,3922.0
3834.0,1549.0,1553.0,1714.0,3458.0,3857.0
3848.0,358.0,1240.0,1431.0,1549.0,1714.0
3861.0,358.0,1240.0,1431.0,1549.0,1714.0
3917.0,358.0,1240.0,1431.0,1549.0,1714.0
3924.0,358.0,1240.0,1431.0,1549.0,1714.0
3942.0,358.0,1240.0,1431.0,1549.0,1714.0
3944.0,358.0,1240.0,1431.0,1549.0,1714.0
3951.0,358.0,1240.0,1431.0,1549.0,1714.0
3953.0,358.0,1240.0,1431.0,1549.0,1714.0
3960.0,358.0,1240.0,1431.0,1549.0,1714.0
58.0,4015.0,1238.0,1294.0,1582.0,2748.0
30.0,358.0,1240.0,1431.0,1549.0,1714.0
126.0,358.0,1240.0,1431.0,1549.0,1714.0
128.0,358.0,1240.0,1431.0,1549.0,1714.0
226.0,1553.0,3458.0,3857.0,3922.0,4031.0
338.0,1549.0,1553.0,1714.0,3458.0,3857.0
361.0,480.0,923.0,1553.0,3458.0,3857.0
853.0,480.0,923.0,1549.0,1553.0,1714.0
876.0,480.0,923.0,1549.0,1553.0,1714.0
879.0,480.0,923.0,1549.0,1553.0,1714.0
1007.0,480.0,923.0,1549.0,1553.0,1714.0
1244.0,480.0,923.0,1549.0,1553.0,1714.0
1402.0,480.0,923.0,1549.0,1553.0,1714.0
2003.0,480.0,923.0,1549.0,1553.0,1714.0
2224.0,480.0,923.0,1549.0,1553.0,1714.0
2243.0,480.0,923.0,1549.0,1553.0,1714.0
2360.0,480.0,923.0,1549.0,1553.0,1714.0
2972.0,480.0,923.0,1549.0,1553.0,1714.0
3294.0,480.0,923.0,1549.0,1553.0,1714.0
3587.0,480.0,923.0,1549.0,1553.0,1714.0
3756.0,1549.0,1553.0,1714.0,3458.0,3752.0
3763.0,1549.0,1553.0,1714.0,3458.0,3752.0
3798.0,1549.0,1553.0,1714.0,3458.0,3752.0
3802.0,1549.0,1553.0,1714.0,3458.0,3752.0
3804.0,1549.0,1553.0,1714.0,3458.0,3752.0
3808.0,1549.0,1553.0,1714.0,3458.0,3752.0
3828.0,1549.0,1553.0,1714.0,3458.0,3752.0
3832.0,1549.0,1553.0,1714.0,3458.0,3752.0
3855.0,1549.0,1553.0,1714.0,3458.0,3752.0
3858.0,1549.0,1553.0,1714.0,3458.0,3752.0
3864.0,1549.0,1553.0,1714.0,3458.0,3752.0
3895.0,1549.0,1553.0,1714.0,3458.0,3752.0
3901.0,1549.0,1553.0,1714.0,3458.0,3752.0
3954.0,480.0,908.0,923.0,1553.0,2003.0
3964.0,1553.0,3458.0,3752.0,3857.0,3922.0
3967.0,480.0,908.0,923.0,1553.0,2003.0
3968.0,1549.0,1553.0,1714.0,3458.0,3822.0
3974.0,1549.0,1553.0,1714.0,3458.0,3822.0
4013.0,4015.0,1238.0,1294.0,1582.0,2748.0
40.0,1549.0,1553.0,1714.0,3458.0,3822.0
400.0,1549.0,1553.0,1714.0,3458.0,3822.0
813.0,1549.0,1553.0,1714.0,3458.0,3822.0
946.0,1549.0,1553.0,1714.0,3458.0,3822.0
980.0,1549.0,1553.0,1714.0,3458.0,3822.0
1013.0,1549.0,1553.0,1714.0,3458.0,3822.0
2025.0,1549.0,1553.0,1714.0,3458.0,3822.0
2293.0,1549.0,1553.0,1714.0,3458.0,3822.0
2414.0,1549.0,1553.0,1714.0,3458.0,3822.0
2425.0,1244.0,1549.0,1714.0,3760.0,3807.0
2990.0,908.0,1553.0,2003.0,3458.0,3771.0
3108.0,908.0,1549.0,1553.0,1714.0,2003.0
3237.0,1549.0,1553.0,1714.0,3458.0,3752.0
3624.0,1549.0,1553.0,1714.0,3458.0,3752.0
3566.0,1549.0,1553.0,1714.0,3458.0,3752.0
3791.0,1549.0,1553.0,1714.0,3458.0,3752.0
3793.0,1549.0,1553.0,1714.0,3458.0,3752.0
3822.0,1549.0,1553.0,1714.0,3458.0,3752.0
3826.0,1549.0,1553.0,1714.0,3458.0,3752.0
3833.0,1549.0,1553.0,1714.0,3458.0,3752.0
3846.0,1549.0,1553.0,1714.0,3458.0,3752.0
3856.0,1549.0,1553.0,1714.0,3458.0,3752.0
3866.0,1549.0,1553.0,1714.0,3458.0,3752.0
3867.0,1549.0,1553.0,1714.0,3458.0,3752.0
3875.0,1549.0,1553.0,1714.0,3458.0,3752.0
3886.0,1553.0,3458.0,3752.0,3857.0,3922.0
3930.0,1553.0,3458.0,3752.0,3857.0,3922.0
3931.0,1553.0,3458.0,3752.0,3857.0,3922.0
3933.0,1549.0,1553.0,1714.0,3458.0,3752.0
3935.0,1549.0,1553.0,1714.0,3458.0,3752.0
3937.0,1549.0,1553.0,1714.0,3458.0,3752.0
3940.0,1549.0,1553.0,1714.0,3458.0,3752.0
3943.0,1549.0,1553.0,1714.0,3458.0,3752.0
3956.0,1549.0,1553.0,1714.0,3458.0,3752.0
3966.0,1549.0,1553.0,1714.0,3458.0,3752.0
3972.0,1549.0,1553.0,1714.0,3458.0,3752.0
4001.0,1549.0,1553.0,1714.0,3458.0,3752.0
4003.0,1549.0,1553.0,1714.0,3458.0,3752.0
4010.0,1549.0,1553.0,1714.0,3458.0,3752.0
290.0,1549.0,1553.0,1714.0,3458.0,3752.0
350.0,1549.0,1553.0,1714.0,3458.0,3752.0
371.0,908.0,1549.0,1553.0,1714.0,2003.0
406.0,908.0,1553.0,2003.0,3458.0,3771.0
439.0,1549.0,1553.0,1714.0,3458.0,3822.0
480.0,1549.0,1553.0,1714.0,3458.0,3822.0
908.0,1549.0,1553.0,1714.0,3458.0,3822.0
1200.0,1549.0,1553.0,1714.0,3458.0,3822.0
1362.0,1549.0,1553.0,1714.0,3458.0,3822.0
2316.0,1549.0,1553.0,1714.0,3458.0,3822.0
2629.0,1549.0,1553.0,1714.0,3458.0,3822.0
2984.0,1549.0,1553.0,1714.0,3458.0,3822.0
3389.0,1549.0,1553.0,1714.0,3458.0,3822.0
3748.0,1549.0,1553.0,1714.0,3458.0,3822.0
3759.0,1549.0,1553.0,1714.0,3458.0,3822.0
3760.0,1549.0,1553.0,1714.0,3458.0,3822.0
3773.0,1549.0,1553.0,1714.0,3458.0,3822.0
3821.0,1553.0,3458.0,3857.0,3922.0,4031.0
3844.0,1553.0,3458.0,3752.0,3857.0,3922.0
3845.0,1553.0,3458.0,3857.0,3922.0,4031.0
3862.0,1549.0,1714.0,3752.0,3857.0,3927.0
3877.0,1549.0,1714.0,3752.0,3857.0,3927.0
3882.0,1549.0,1714.0,3752.0,3857.0,3927.0
3907.0,1549.0,1714.0,3752.0,3857.0,3927.0
3936.0,1549.0,1714.0,3752.0,3857.0,3927.0
3941.0,1549.0,1714.0,3752.0,3857.0,3927.0
3945.0,1549.0,1714.0,3752.0,3857.0,3927.0
3971.0,1549.0,1714.0,3752.0,3857.0,3927.0
3994.0,1549.0,1714.0,3752.0,3857.0,3927.0
3996.0,1549.0,1714.0,3752.0,3857.0,3927.0
4015.0,4015.0,1238.0,1294.0,1582.0,2748.0
1.0,1549.0,1714.0,3752.0,3857.0,3927.0
157.0,4015.0,1238.0,1294.0,1582.0,2748.0
43.0,1553.0,3458.0,3752.0,3857.0,3922.0
71.0,1549.0,1553.0,1714.0,3458.0,3857.0
188.0,358.0,1240.0,1431.0,1549.0,1714.0
214.0,358.0,1240.0,1431.0,1549.0,1714.0
419.0,358.0,1240.0,1431.0,1549.0,1714.0
1132.0,358.0,1240.0,1431.0,1549.0,1714.0
1239.0,358.0,1240.0,1431.0,1549.0,1714.0
1256.0,358.0,1240.0,1431.0,1549.0,1714.0
1416.0,358.0,1240.0,1431.0,1549.0,1714.0
1529.0,358.0,1240.0,1431.0,1549.0,1714.0
2352.0,358.0,1240.0,1431.0,1549.0,1714.0
2416.0,358.0,1240.0,1431.0,1549.0,1714.0
2985.0,358.0,1240.0,1431.0,1549.0,1714.0
3740.0,358.0,1240.0,1431.0,1549.0,1714.0
3778.0,358.0,480.0,923.0,1240.0,1431.0
3800.0,358.0,480.0,923.0,1240.0,1431.0
3807.0,358.0,480.0,923.0,1240.0,1431.0
3850.0,358.0,1240.0,1431.0,1549.0,1714.0
3854.0,358.0,1240.0,1431.0,1549.0,1714.0
3859.0,358.0,1240.0,1431.0,1549.0,1714.0
3879.0,358.0,1240.0,1431.0,1549.0,1714.0
3884.0,358.0,1240.0,1431.0,1549.0,1714.0
3888.0,358.0,1240.0,1431.0,1549.0,1714.0
3921.0,358.0,1240.0,1431.0,1549.0,1714.0
3929.0,358.0,1240.0,1431.0,1549.0,1714.0
3938.0,358.0,1240.0,1431.0,1549.0,1714.0
3962.0,358.0,1240.0,1431.0,1549.0,1714.0
3985.0,358.0,1240.0,1431.0,1549.0,1714.0
3999.0,358.0,1240.0,1431.0,1549.0,1714.0
251.0,1549.0,1553.0,1714.0,3458.0,3857.0
397.0,1553.0,3458.0,3752.0,3857.0,3922.0
943.0,1549.0,1714.0,3752.0,3857.0,3927.0
981.0,1549.0,1714.0,3752.0,3857.0,3927.0
982.0,1549.0,1714.0,3752.0,3857.0,3927.0
1148.0,1549.0,1714.0,3752.0,3857.0,3927.0
1170.0,1549.0,1714.0,3752.0,3857.0,3927.0
1174.0,1549.0,1714.0,3752.0,3857.0,3927.0
2011.0,1549.0,1714.0,3752.0,3857.0,3927.0
2637.0,1549.0,1714.0,3752.0,3857.0,3927.0
2743.0,1549.0,1714.0,3752.0,3857.0,3927.0
2886.0,1549.0,1714.0,3752.0,3857.0,3927.0
2905.0,1549.0,1714.0,3752.0,3857.0,3927.0
3350.0,1549.0,1714.0,3752.0,3857.0,3927.0
3458.0,1549.0,1714.0,3752.0,3857.0,3927.0
3602.0,1553.0,3458.0,3857.0,3922.0,4031.0
3649.0,358.0,480.0,923.0,1240.0,1431.0
3770.0,1553.0,3458.0,3857.0,3922.0,4031.0
3795.0,358.0,1240.0,1431.0,1549.0,1714.0
3797.0,358.0,1240.0,1431.0,1549.0,1714.0
3816.0,358.0,1240.0,1431.0,1549.0,1714.0
3830.0,358.0,1240.0,1431.0,1549.0,1714.0
3836.0,358.0,1240.0,1431.0,1549.0,1714.0
3840.0,358.0,1240.0,1431.0,1549.0,1714.0
3857.0,358.0,1240.0,1431.0,1549.0,1714.0
3868.0,358.0,1240.0,1431.0,1549.0,1714.0
3890.0,358.0,1240.0,1431.0,1549.0,1714.0
3912.0,358.0,1240.0,1431.0,1549.0,1714.0
4007.0,358.0,1240.0,1431.0,1549.0,1714.0
4008.0,358.0,1240.0,1431.0,1549.0,1714.0
4019.0,4015.0,1238.0,1294.0,1582.0,2748.0
31.0,1553.0,3458.0,3857.0,3922.0,4031.0
129.0,1549.0,1714.0,3857.0,4031.0,4261.0
177.0,1549.0,1714.0,3857.0,4031.0,4261.0
360.0,1549.0,1714.0,3857.0,4031.0,4261.0
420.0,1549.0,1714.0,3857.0,4031.0,4261.0
721.0,1549.0,1714.0,3857.0,4031.0,4261.0
766.0,1549.0,1714.0,3857.0,4031.0,4261.0
975.0,1549.0,1714.0,3857.0,4031.0,4261.0
1257.0,1549.0,1714.0,3857.0,4031.0,4261.0
1302.0,1549.0,1714.0,3857.0,4031.0,4261.0
1431.0,1549.0,1714.0,3857.0,4031.0,4261.0
1456.0,1549.0,1714.0,3857.0,4031.0,4261.0
1540.0,1549.0,1714.0,3857.0,4031.0,4261.0
1558.0,1549.0,1714.0,3857.0,4031.0,4261.0
1710.0,480.0,923.0,3857.0,4031.0,4184.0
2008.0,480.0,923.0,1549.0,1714.0,3857.0
2630.0,480.0,923.0,3463.0,3857.0,4184.0
3106.0,480.0,923.0,1549.0,1714.0,3933.0
3351.0,480.0,923.0,1549.0,1714.0,3933.0
3648.0,480.0,923.0,1549.0,1714.0,3933.0
3754.0,480.0,923.0,1549.0,1714.0,3933.0
3768.0,480.0,923.0,1549.0,1714.0,3933.0
3805.0,480.0,923.0,1549.0,1714.0,3933.0
3815.0,480.0,923.0,1549.0,1714.0,3933.0
3823.0,480.0,923.0,1549.0,1714.0,3933.0
3842.0,480.0,923.0,1549.0,1714.0,3933.0
3843.0,480.0,923.0,1549.0,1714.0,3933.0
3863.0,480.0,923.0,1549.0,1714.0,3933.0
3878.0,480.0,923.0,1549.0,1714.0,3933.0
3887.0,480.0,923.0,1549.0,1714.0,3933.0
3915.0,480.0,923.0,1549.0,1714.0,3857.0
3923.0,358.0,480.0,923.0,1240.0,1431.0
3925.0,358.0,480.0,923.0,1240.0,1431.0
69.0,358.0,480.0,923.0,1240.0,1431.0
208.0,358.0,480.0,923.0,1240.0,1431.0
209.0,358.0,480.0,923.0,1240.0,1431.0
288.0,358.0,480.0,923.0,1240.0,1431.0
401.0,358.0,480.0,923.0,1240.0,1431.0
411.0,358.0,480.0,923.0,1240.0,1431.0
416.0,358.0,480.0,923.0,1240.0,1431.0
431.0,358.0,480.0,923.0,1240.0,1431.0
819.0,358.0,480.0,923.0,1240.0,1431.0
833.0,358.0,480.0,923.0,1240.0,1431.0
903.0,358.0,480.0,923.0,1240.0,1431.0
1171.0,358.0,480.0,923.0,1240.0,1431.0
1240.0,480.0,923.0,3463.0,3857.0,4184.0
1553.0,480.0,923.0,3463.0,3857.0,4184.0
1711.0,480.0,923.0,3463.0,3857.0,4184.0
2222.0,358.0,480.0,923.0,1240.0,1431.0
2311.0,358.0,480.0,923.0,1240.0,1431.0
3779.0,358.0,480.0,923.0,1240.0,1431.0
3785.0,358.0,480.0,923.0,1240.0,1431.0
3809.0,358.0,480.0,923.0,1240.0,1431.0
3819.0,358.0,480.0,923.0,1240.0,1431.0
3839.0,358.0,480.0,923.0,1240.0,1431.0
3851.0,358.0,480.0,923.0,1240.0,1431.0
3880.0,358.0,480.0,923.0,1240.0,1431.0
3920.0,358.0,480.0,923.0,1240.0,1431.0
3932.0,358.0,480.0,923.0,1240.0,1431.0
3950.0,358.0,480.0,923.0,1240.0,1431.0
3959.0,358.0,480.0,923.0,1240.0,1431.0
3978.0,358.0,480.0,923.0,1240.0,1431.0
4017.0,480.0,923.0,1549.0,1714.0,3857.0
171.0,480.0,923.0,1549.0,1714.0,3933.0
403.0,480.0,923.0,1549.0,1714.0,3933.0
440.0,480.0,923.0,1549.0,1714.0,3933.0
944.0,480.0,923.0,1549.0,1714.0,3933.0
1008.0,480.0,923.0,1549.0,1714.0,3933.0
1175.0,480.0,923.0,1549.0,1714.0,3933.0
1377.0,480.0,923.0,1549.0,1714.0,3933.0
1511.0,480.0,923.0,1549.0,1714.0,3933.0
1624.0,480.0,923.0,1549.0,1714.0,3933.0
1714.0,480.0,923.0,1549.0,1714.0,3933.0
2447.0,480.0,923.0,1549.0,1714.0,3933.0
2748.0,480.0,923.0,1549.0,1714.0,3933.0
3480.0,480.0,923.0,1549.0,1714.0,3933.0
3558.0,480.0,923.0,3463.0,3857.0,4184.0
3622.0,480.0,923.0,1549.0,1714.0,3857.0
3790.0,480.0,923.0,3857.0,4031.0,4184.0
3852.0,1549.0,1714.0,3857.0,4031.0,4261.0
3872.0,1549.0,1714.0,3857.0,4031.0,4261.0
3883.0,1549.0,1714.0,3857.0,4031.0,4261.0
3893.0,1549.0,1714.0,3857.0,4031.0,4261.0
3894.0,1549.0,1714.0,3857.0,4031.0,4261.0
3927.0,1549.0,1714.0,3857.0,4031.0,4261.0
3957.0,1549.0,1714.0,3857.0,4031.0,4261.0
3975.0,1549.0,1714.0,3857.0,4031.0,4261.0
3984.0,1549.0,1714.0,3857.0,4031.0,4261.0
3989.0,1549.0,1714.0,3857.0,4031.0,4261.0
4004.0,1549.0,1714.0,3857.0,4031.0,4261.0
4016.0,1549.0,1714.0,3857.0,4031.0,4261.0
4018.0,1549.0,1714.0,3857.0,4031.0,4261.0
124.0,1553.0,3458.0,3857.0,3922.0,4031.0
179.0,358.0,1240.0,1431.0,1549.0,1714.0
336.0,358.0,1240.0,1431.0,1549.0,1714.0
423.0,358.0,1240.0,1431.0,1549.0,1714.0
919.0,358.0,1240.0,1431.0,1549.0,1714.0
923.0,358.0,1240.0,1431.0,1549.0,1714.0
932.0,358.0,1240.0,1431.0,1549.0,1714.0
947.0,358.0,1240.0,1431.0,1549.0,1714.0
1176.0,358.0,1240.0,1431.0,1549.0,1714.0
1294.0,358.0,1240.0,1431.0,1549.0,1714.0
1465.0,358.0,1240.0,1431.0,1549.0,1714.0
1476.0,358.0,1240.0,1431.0,1549.0,1714.0
2561.0,358.0,1240.0,1431.0,1549.0,1714.0
2638.0,358.0,1240.0,1431.0,1549.0,1714.0
2816.0,1553.0,3458.0,3857.0,3922.0,4031.0
3777.0,358.0,480.0,923.0,1240.0,1431.0
3787.0,1553.0,3458.0,3857.0,3922.0,4031.0
3792.0,1549.0,1714.0,3752.0,3857.0,3927.0
3818.0,1549.0,1714.0,3752.0,3857.0,3927.0
3820.0,1549.0,1714.0,3752.0,3857.0,3927.0
3849.0,1549.0,1714.0,3752.0,3857.0,3927.0
3853.0,1549.0,1714.0,3752.0,3857.0,3927.0
3881.0,1549.0,1714.0,3752.0,3857.0,3927.0
3904.0,1549.0,1714.0,3752.0,3857.0,3927.0
3958.0,1549.0,1714.0,3752.0,3857.0,3927.0
3970.0,1549.0,1714.0,3752.0,3857.0,3927.0
3979.0,1549.0,1714.0,3752.0,3857.0,3927.0
3980.0,1549.0,1714.0,3752.0,3857.0,3927.0
3995.0,1549.0,1714.0,3752.0,3857.0,3927.0
3998.0,1549.0,1714.0,3752.0,3857.0,3927.0
4005.0,1553.0,3458.0,3752.0,3857.0,3922.0
4014.0,1549.0,1553.0,1714.0,3458.0,3857.0
221.0,358.0,1240.0,1431.0,1549.0,1714.0
395.0,358.0,1240.0,1431.0,1549.0,1714.0
475.0,358.0,1240.0,1431.0,1549.0,1714.0
918.0,358.0,1240.0,1431.0,1549.0,1714.0
949.0,358.0,1240.0,1431.0,1549.0,1714.0
1006.0,358.0,1240.0,1431.0,1549.0,1714.0
1093.0,358.0,1240.0,1431.0,1549.0,1714.0
1557.0,358.0,1240.0,1431.0,1549.0,1714.0
1582.0,358.0,1240.0,1431.0,1549.0,1714.0
2290.0,358.0,1240.0,1431.0,1549.0,1714.0
2372.0,358.0,1240.0,1431.0,1549.0,1714.0
3557.0,358.0,1240.0,1431.0,1549.0,1714.0
3749.0,358.0,1240.0,1431.0,1549.0,1714.0
3757.0,358.0,480.0,923.0,1240.0,1431.0
3762.0,358.0,480.0,923.0,1240.0,1431.0
3765.0,358.0,480.0,923.0,1240.0,1431.0
3771.0,358.0,1240.0,1431.0,1549.0,1714.0
3803.0,358.0,1240.0,1431.0,1549.0,1714.0
3829.0,358.0,1240.0,1431.0,1549.0,1714.0
3876.0,358.0,1240.0,1431.0,1549.0,1714.0
3922.0,358.0,1240.0,1431.0,1549.0,1714.0
3948.0,358.0,1240.0,1431.0,1549.0,1714.0
3965.0,358.0,1240.0,1431.0,1549.0,1714.0
3988.0,358.0,1240.0,1431.0,1549.0,1714.0
4000.0,358.0,1240.0,1431.0,1549.0,1714.0
103.0,358.0,1240.0,1431.0,1549.0,1714.0
1361.0,358.0,1240.0,1431.0,1549.0,1714.0
1432.0,358.0,1240.0,1431.0,1549.0,1714.0
1549.0,1549.0,1553.0,1714.0,3458.0,3857.0
1730.0,1553.0,3458.0,3752.0,3857.0,3922.0
2376.0,1549.0,1714.0,3752.0,3857.0,3927.0
2983.0,1549.0,1714.0,3752.0,3857.0,3927.0
3461.0,1549.0,1714.0,3752.0,3857.0,3927.0
3629.0,1549.0,1714.0,3752.0,3857.0,3927.0
3758.0,1549.0,1714.0,3752.0,3857.0,3927.0
3780.0,1549.0,1714.0,3752.0,3857.0,3927.0
3794.0,1549.0,1714.0,3752.0,3857.0,3927.0
3824.0,1549.0,1714.0,3752.0,3857.0,3927.0
3838.0,1549.0,1714.0,3752.0,3857.0,3927.0
3871.0,1549.0,1714.0,3752.0,3857.0,3927.0
3892.0,1549.0,1714.0,3752.0,3857.0,3927.0
3897.0,1549.0,1714.0,3752.0,3857.0,3927.0
3911.0,1549.0,1714.0,3752.0,3857.0,3927.0
3955.0,1553.0,3458.0,3857.0,3922.0,4031.0
3963.0,1553.0,3458.0,3752.0,3857.0,3922.0
3969.0,1553.0,3458.0,3857.0,3922.0,4031.0
3977.0,1549.0,1553.0,1714.0,3458.0,3822.0
3981.0,1549.0,1553.0,1714.0,3458.0,3822.0
3987.0,1549.0,1553.0,1714.0,3458.0,3822.0
3997.0,1549.0,1553.0,1714.0,3458.0,3822.0
4002.0,1549.0,1553.0,1714.0,3458.0,3822.0
4024.0,1549.0,1553.0,1714.0,3458.0,3822.0
4021.0,1549.0,1553.0,1714.0,3458.0,3822.0
4030.0,1549.0,1553.0,1714.0,3458.0,3822.0
4032.0,1549.0,1553.0,1714.0,3458.0,3822.0
4041.0,1549.0,1553.0,1714.0,3458.0,3822.0
4043.0,1549.0,1553.0,1714.0,3458.0,3822.0
4057.0,1549.0,1553.0,1714.0,3458.0,3822.0
4058.0,1549.0,1553.0,1714.0,3458.0,3822.0
4100.0,908.0,1553.0,2003.0,3458.0,3771.0
4102.0,908.0,1549.0,1553.0,1714.0,2003.0
4129.0,1549.0,1553.0,1714.0,3458.0,3752.0
4154.0,1549.0,1553.0,1714.0,3458.0,3752.0
4177.0,1549.0,1553.0,1714.0,3458.0,3752.0
4186.0,1549.0,1553.0,1714.0,3458.0,3752.0
4197.0,1549.0,1553.0,1714.0,3458.0,3752.0
4209.0,1549.0,1553.0,1714.0,3458.0,3752.0
4214.0,1549.0,1553.0,1714.0,3458.0,3752.0
4263.0,1549.0,1553.0,1714.0,3458.0,3752.0
4276.0,1549.0,1553.0,1714.0,3458.0,3752.0
4313.0,1549.0,1553.0,1714.0,3458.0,3752.0
4347.0,1549.0,1553.0,1714.0,3458.0,3752.0
4355.0,1549.0,1553.0,1714.0,3458.0,3752.0
4360.0,1549.0,1553.0,1714.0,3458.0,3752.0
4367.0,1553.0,3458.0,3752.0,3857.0,3922.0
4384.0,1553.0,3458.0,3752.0,3857.0,3922.0
4419.0,1553.0,3458.0,3752.0,3857.0,3922.0
4435.0,1549.0,1553.0,1714.0,3458.0,3752.0
4446.0,1549.0,1553.0,1714.0,3458.0,3752.0
4448.0,1549.0,1553.0,1714.0,3458.0,3752.0
4455.0,1549.0,1553.0,1714.0,3458.0,3752.0
4460.0,1549.0,1553.0,1714.0,3458.0,3752.0
4480.0,1549.0,1553.0,1714.0,3458.0,3752.0
4485.0,1549.0,1553.0,1714.0,3458.0,3752.0
4495.0,1549.0,1553.0,1714.0,3458.0,3752.0
4498.0,1549.0,1553.0,1714.0,3458.0,3752.0
4512.0,1549.0,1553.0,1714.0,3458.0,3752.0
4526.0,1549.0,1553.0,1714.0,3458.0,3752.0
4544.0,1549.0,1553.0,1714.0,3458.0,3752.0
4552.0,1549.0,1553.0,1714.0,3458.0,3752.0
4575.0,908.0,1549.0,1553.0,1714.0,2003.0
4585.0,908.0,1553.0,2003.0,3458.0,3771.0
4029.0,1549.0,1553.0,1714.0,3458.0,3822.0
4061.0,1549.0,1553.0,1714.0,3458.0,3822.0
4071.0,1549.0,1553.0,1714.0,3458.0,3822.0
4107.0,1549.0,1553.0,1714.0,3458.0,3822.0
4126.0,1549.0,1553.0,1714.0,3458.0,3822.0
4164.0,1549.0,1553.0,1714.0,3458.0,3822.0
4185.0,1549.0,1553.0,1714.0,3458.0,3822.0
4190.0,1549.0,1553.0,1714.0,3458.0,3822.0
4240.0,1549.0,1553.0,1714.0,3458.0,3822.0
4246.0,1549.0,1553.0,1714.0,3458.0,3822.0
4261.0,1549.0,1553.0,1714.0,3458.0,3822.0
4281.0,1549.0,1553.0,1714.0,3458.0,3822.0
4291.0,1549.0,1553.0,1714.0,3458.0,3822.0
4349.0,480.0,908.0,923.0,1553.0,2003.0
4368.0,1553.0,3458.0,3752.0,3857.0,3922.0
4423.0,480.0,908.0,923.0,1553.0,2003.0
4464.0,1549.0,1553.0,1714.0,3458.0,3752.0
4469.0,1549.0,1553.0,1714.0,3458.0,3752.0
4475.0,1549.0,1553.0,1714.0,3458.0,3752.0
4478.0,1549.0,1553.0,1714.0,3458.0,3752.0
4492.0,1549.0,1553.0,1714.0,3458.0,3752.0
4527.0,1549.0,1553.0,1714.0,3458.0,3752.0
4534.0,1549.0,1553.0,1714.0,3458.0,3752.0
4546.0,1549.0,1553.0,1714.0,3458.0,3752.0
4553.0,1549.0,1553.0,1714.0,3458.0,3752.0
4574.0,1549.0,1553.0,1714.0,3458.0,3752.0
4578.0,1549.0,1553.0,1714.0,3458.0,3752.0
4611.0,1549.0,1553.0,1714.0,3458.0,3752.0
4610.0,1549.0,1553.0,1714.0,3458.0,3752.0
4624.0,480.0,908.0,923.0,1553.0,2003.0
4630.0,480.0,923.0,1549.0,1553.0,1714.0
4046.0,480.0,923.0,1549.0,1553.0,1714.0
4048.0,480.0,923.0,1549.0,1553.0,1714.0
4123.0,480.0,923.0,1549.0,1553.0,1714.0
4139.0,480.0,923.0,1549.0,1553.0,1714.0
4136.0,480.0,923.0,1549.0,1553.0,1714.0
4151.0,480.0,923.0,1549.0,1553.0,1714.0
4157.0,480.0,923.0,1549.0,1553.0,1714.0
4165.0,480.0,923.0,1549.0,1553.0,1714.0
4173.0,480.0,923.0,1549.0,1553.0,1714.0
4193.0,480.0,923.0,1549.0,1553.0,1714.0
4196.0,480.0,923.0,1549.0,1553.0,1714.0
4207.0,480.0,923.0,1553.0,3458.0,3857.0
4212.0,1549.0,1553.0,1714.0,3458.0,3857.0
4245.0,1553.0,3458.0,3857.0,3922.0,4031.0
4267.0,358.0,1240.0,1431.0,1549.0,1714.0
4275.0,358.0,1240.0,1431.0,1549.0,1714.0
4293.0,358.0,1240.0,1431.0,1549.0,1714.0
4356.0,358.0,1240.0,1431.0,1549.0,1714.0
4363.0,358.0,1240.0,1431.0,1549.0,1714.0
4364.0,358.0,1240.0,1431.0,1549.0,1714.0
4408.0,358.0,1240.0,1431.0,1549.0,1714.0
4415.0,358.0,1240.0,1431.0,1549.0,1714.0
4449.0,358.0,1240.0,1431.0,1549.0,1714.0
4457.0,358.0,1240.0,1431.0,1549.0,1714.0
4474.0,358.0,1240.0,1431.0,1549.0,1714.0
4494.0,358.0,1240.0,1431.0,1549.0,1714.0
4579.0,358.0,1240.0,1431.0,1549.0,1714.0
4598.0,1549.0,1553.0,1714.0,3458.0,3857.0
4633.0,1553.0,3458.0,3752.0,3857.0,3922.0
4034.0,1549.0,1714.0,3752.0,3857.0,3927.0
4063.0,1549.0,1714.0,3752.0,3857.0,3927.0
4066.0,1549.0,1714.0,3752.0,3857.0,3927.0
4082.0,1549.0,1714.0,3752.0,3857.0,3927.0
4119.0,1549.0,1714.0,3752.0,3857.0,3927.0
4203.0,1549.0,1714.0,3752.0,3857.0,3927.0
4208.0,1549.0,1714.0,3752.0,3857.0,3927.0
4210.0,1549.0,1714.0,3752.0,3857.0,3927.0
4211.0,1549.0,1714.0,3752.0,3857.0,3927.0
4248.0,1549.0,1714.0,3752.0,3857.0,3927.0
4256.0,1549.0,1714.0,3752.0,3857.0,3927.0
4266.0,1549.0,1714.0,3752.0,3857.0,3927.0
4273.0,1553.0,3458.0,3857.0,3922.0,4031.0
4297.0,1553.0,3458.0,3857.0,3922.0,4031.0
4350.0,1553.0,3458.0,3857.0,3922.0,4031.0
4358.0,1549.0,1714.0,3752.0,3857.0,3927.0
4432.0,1549.0,1714.0,3752.0,3857.0,3927.0
4442.0,1549.0,1714.0,3752.0,3857.0,3927.0
4444.0,1549.0,1714.0,3752.0,3857.0,3927.0
4473.0,1549.0,1714.0,3752.0,3857.0,3927.0
4521.0,1549.0,1714.0,3752.0,3857.0,3927.0
4522.0,1549.0,1714.0,3752.0,3857.0,3927.0
4530.0,1549.0,1714.0,3752.0,3857.0,3927.0
4532.0,1549.0,1714.0,3752.0,3857.0,3927.0
4537.0,1549.0,1714.0,3752.0,3857.0,3927.0
4548.0,1549.0,1714.0,3752.0,3857.0,3927.0
4558.0,1549.0,1714.0,3752.0,3857.0,3927.0
4573.0,1549.0,1714.0,3752.0,3857.0,3927.0
4588.0,1553.0,3458.0,3752.0,3857.0,3922.0
4613.0,1549.0,1553.0,1714.0,3458.0,3857.0
4638.0,358.0,1240.0,1431.0,1549.0,1714.0
4031.0,358.0,1240.0,1431.0,1549.0,1714.0
4064.0,358.0,1240.0,1431.0,1549.0,1714.0
4075.0,358.0,1240.0,1431.0,1549.0,1714.0
4091.0,358.0,1240.0,1431.0,1549.0,1714.0
4098.0,358.0,1240.0,1431.0,1549.0,1714.0
4153.0,358.0,1240.0,1431.0,1549.0,1714.0
4167.0,358.0,1240.0,1431.0,1549.0,1714.0
4195.0,358.0,1240.0,1431.0,1549.0,1714.0
4199.0,358.0,1240.0,1431.0,1549.0,1714.0
4272.0,358.0,1240.0,1431.0,1549.0,1714.0
4292.0,358.0,1240.0,1431.0,1549.0,1714.0
4294.0,358.0,1240.0,1431.0,1549.0,1714.0
4316.0,1553.0,3458.0,3857.0,3922.0,4031.0
4336.0,1549.0,1553.0,1714.0,3458.0,3857.0
4383.0,1553.0,3458.0,3857.0,3922.0,4031.0
4407.0,1549.0,1553.0,1714.0,3458.0,3922.0
4538.0,1549.0,1714.0,3857.0,4031.0,4261.0
4543.0,1549.0,1714.0,3857.0,4031.0,4261.0
4564.0,1549.0,1714.0,3857.0,4031.0,4261.0
4565.0,1549.0,1714.0,3857.0,4031.0,4261.0
4602.0,1549.0,1714.0,3857.0,4031.0,4261.0
4609.0,1549.0,1714.0,3857.0,4031.0,4261.0
4622.0,1549.0,1714.0,3857.0,4031.0,4261.0
4636.0,1549.0,1714.0,3857.0,4031.0,4261.0
4067.0,1549.0,1714.0,3857.0,4031.0,4261.0
4087.0,1549.0,1714.0,3857.0,4031.0,4261.0
4108.0,1549.0,1714.0,3857.0,4031.0,4261.0
4116.0,1549.0,1714.0,3857.0,4031.0,4261.0
4146.0,1553.0,3458.0,3857.0,3922.0,4031.0
4158.0,358.0,1240.0,1431.0,1549.0,1714.0
4163.0,358.0,1240.0,1431.0,1549.0,1714.0
4178.0,358.0,1240.0,1431.0,1549.0,1714.0
4181.0,358.0,1240.0,1431.0,1549.0,1714.0
4206.0,358.0,1240.0,1431.0,1549.0,1714.0
4234.0,358.0,1240.0,1431.0,1549.0,1714.0
4320.0,358.0,1240.0,1431.0,1549.0,1714.0
4379.0,358.0,1240.0,1431.0,1549.0,1714.0
4438.0,358.0,1240.0,1431.0,1549.0,1714.0
4443.0,358.0,1240.0,1431.0,1549.0,1714.0
4447.0,358.0,1240.0,1431.0,1549.0,1714.0
4519.0,358.0,1240.0,1431.0,1549.0,1714.0
4545.0,358.0,1240.0,1431.0,1549.0,1714.0
4554.0,1553.0,3458.0,3857.0,3922.0,4031.0
4563.0,358.0,480.0,923.0,1240.0,1431.0
4586.0,1553.0,3458.0,3857.0,3922.0,4031.0
4607.0,1549.0,1714.0,3752.0,3857.0,3927.0
4623.0,1549.0,1714.0,3752.0,3857.0,3927.0
4646.0,1549.0,1714.0,3752.0,3857.0,3927.0
4648.0,1549.0,1714.0,3752.0,3857.0,3927.0
4039.0,1549.0,1714.0,3752.0,3857.0,3927.0
4073.0,1549.0,1714.0,3752.0,3857.0,3927.0
4079.0,1549.0,1714.0,3752.0,3857.0,3927.0
4133.0,1549.0,1714.0,3752.0,3857.0,3927.0
4144.0,1549.0,1714.0,3752.0,3857.0,3927.0
4150.0,1549.0,1714.0,3752.0,3857.0,3927.0
4161.0,1549.0,1714.0,3752.0,3857.0,3927.0
4179.0,1549.0,1714.0,3752.0,3857.0,3927.0
4182.0,1549.0,1714.0,3752.0,3857.0,3927.0
4241.0,1553.0,3458.0,3752.0,3857.0,3922.0
4285.0,1549.0,1553.0,1714.0,3458.0,3857.0
4322.0,358.0,1240.0,1431.0,1549.0,1714.0
4345.0,358.0,1240.0,1431.0,1549.0,1714.0
4361.0,358.0,1240.0,1431.0,1549.0,1714.0
4362.0,358.0,1240.0,1431.0,1549.0,1714.0
4374.0,358.0,1240.0,1431.0,1549.0,1714.0
4420.0,358.0,1240.0,1431.0,1549.0,1714.0
4437.0,358.0,1240.0,1431.0,1549.0,1714.0
4531.0,358.0,1240.0,1431.0,1549.0,1714.0
4556.0,358.0,1240.0,1431.0,1549.0,1714.0
4571.0,358.0,1240.0,1431.0,1549.0,1714.0
4572.0,358.0,1240.0,1431.0,1549.0,1714.0
4617.0,358.0,1240.0,1431.0,1549.0,1714.0
4641.0,358.0,1240.0,1431.0,1549.0,1714.0
4656.0,358.0,480.0,923.0,1240.0,1431.0
4072.0,358.0,480.0,923.0,1240.0,1431.0
4083.0,358.0,480.0,923.0,1240.0,1431.0
4096.0,358.0,1240.0,1431.0,1549.0,1714.0
4113.0,358.0,1240.0,1431.0,1549.0,1714.0
4115.0,358.0,1240.0,1431.0,1549.0,1714.0
4143.0,358.0,1240.0,1431.0,1549.0,1714.0
4149.0,358.0,1240.0,1431.0,1549.0,1714.0
4152.0,358.0,1240.0,1431.0,1549.0,1714.0
4159.0,358.0,1240.0,1431.0,1549.0,1714.0
4160.0,358.0,1240.0,1431.0,1549.0,1714.0
4274.0,358.0,1240.0,1431.0,1549.0,1714.0
4452.0,358.0,1240.0,1431.0,1549.0,1714.0
4454.0,358.0,1240.0,1431.0,1549.0,1714.0
4471.0,358.0,1240.0,1431.0,1549.0,1714.0
4484.0,358.0,1240.0,1431.0,1549.0,1714.0
4493.0,1549.0,1553.0,1714.0,3458.0,3857.0
4499.0,1553.0,3458.0,3752.0,3857.0,3922.0
4501.0,1549.0,1714.0,3752.0,3857.0,3927.0
4513.0,1549.0,1714.0,3752.0,3857.0,3927.0
4520.0,1549.0,1714.0,3752.0,3857.0,3927.0
4559.0,1549.0,1714.0,3752.0,3857.0,3927.0
4561.0,1549.0,1714.0,3752.0,3857.0,3927.0
4568.0,1549.0,1714.0,3752.0,3857.0,3927.0
4600.0,1549.0,1714.0,3752.0,3857.0,3927.0
4608.0,1549.0,1714.0,3752.0,3857.0,3927.0
4612.0,1549.0,1714.0,3752.0,3857.0,3927.0
4621.0,1549.0,1714.0,3752.0,3857.0,3927.0
4020.0,1549.0,1714.0,3752.0,3857.0,3927.0
4026.0,1549.0,1714.0,3752.0,3857.0,3927.0
4028.0,1549.0,1714.0,3752.0,3857.0,3927.0
4076.0,1553.0,3458.0,3857.0,3922.0,4031.0
4090.0,1553.0,3458.0,3857.0,3922.0,4031.0
4094.0,1549.0,1714.0,3752.0,3857.0,3927.0
4106.0,1549.0,1714.0,3752.0,3857.0,3927.0
4109.0,1549.0,1714.0,3752.0,3857.0,3927.0
4111.0,1549.0,1714.0,3752.0,3857.0,3927.0
4120.0,1549.0,1714.0,3752.0,3857.0,3927.0
4124.0,1549.0,1714.0,3752.0,3857.0,3927.0
4127.0,1549.0,1714.0,3752.0,3857.0,3927.0
4131.0,1549.0,1714.0,3752.0,3857.0,3927.0
4140.0,1549.0,1714.0,3752.0,3857.0,3927.0
4170.0,1549.0,1714.0,3752.0,3857.0,3927.0
4171.0,1549.0,1714.0,3752.0,3857.0,3927.0
4172.0,1549.0,1714.0,3752.0,3857.0,3927.0
4175.0,1549.0,1714.0,3752.0,3857.0,3927.0
4183.0,1553.0,3458.0,3752.0,3857.0,3922.0
4188.0,1549.0,1553.0,1714.0,3458.0,3857.0
4232.0,358.0,1240.0,1431.0,1549.0,1714.0
4243.0,358.0,1240.0,1431.0,1549.0,1714.0
4259.0,358.0,1240.0,1431.0,1549.0,1714.0
4289.0,358.0,1240.0,1431.0,1549.0,1714.0
4300.0,358.0,1240.0,1431.0,1549.0,1714.0
4306.0,358.0,1240.0,1431.0,1549.0,1714.0
4354.0,358.0,1240.0,1431.0,1549.0,1714.0
4359.0,358.0,1240.0,1431.0,1549.0,1714.0
4371.0,358.0,1240.0,1431.0,1549.0,1714.0
4385.0,358.0,1240.0,1431.0,1549.0,1714.0
4406.0,358.0,1240.0,1431.0,1549.0,1714.0
4463.0,358.0,1240.0,1431.0,1549.0,1714.0
4465.0,358.0,480.0,923.0,1240.0,1431.0
4470.0,358.0,480.0,923.0,1240.0,1431.0
4497.0,358.0,480.0,923.0,1240.0,1431.0
4508.0,358.0,1240.0,1431.0,1549.0,1714.0
4523.0,358.0,1240.0,1431.0,1549.0,1714.0
4577.0,358.0,1240.0,1431.0,1549.0,1714.0
4584.0,358.0,1240.0,1431.0,1549.0,1714.0
4590.0,358.0,1240.0,1431.0,1549.0,1714.0
4591.0,358.0,1240.0,1431.0,1549.0,1714.0
4593.0,358.0,1240.0,1431.0,1549.0,1714.0
4595.0,358.0,1240.0,1431.0,1549.0,1714.0
4601.0,358.0,1240.0,1431.0,1549.0,1714.0
4614.0,358.0,1240.0,1431.0,1549.0,1714.0
4618.0,358.0,1240.0,1431.0,1549.0,1714.0
4645.0,358.0,1240.0,1431.0,1549.0,1714.0
4653.0,1549.0,1553.0,1714.0,3458.0,3857.0
4040.0,1553.0,3458.0,3752.0,3857.0,3922.0
4051.0,1549.0,1714.0,3752.0,3857.0,3927.0
4069.0,1549.0,1714.0,3752.0,3857.0,3927.0
4080.0,1549.0,1714.0,3752.0,3857.0,3927.0
4114.0,1549.0,1714.0,3752.0,3857.0,3927.0
4117.0,1549.0,1714.0,3752.0,3857.0,3927.0
4118.0,1549.0,1714.0,3752.0,3857.0,3927.0
4130.0,1549.0,1714.0,3752.0,3857.0,3927.0
4138.0,1549.0,1714.0,3752.0,3857.0,3927.0
4147.0,1549.0,1714.0,3752.0,3857.0,3927.0
4176.0,1549.0,1714.0,3752.0,3857.0,3927.0
4198.0,1549.0,1714.0,3752.0,3857.0,3927.0
4244.0,1549.0,1714.0,3752.0,3857.0,3927.0
4309.0,1553.0,3458.0,3857.0,3922.0,4031.0
4314.0,358.0,480.0,923.0,1240.0,1431.0
4321.0,1553.0,3458.0,3857.0,3922.0,4031.0
4346.0,358.0,1240.0,1431.0,1549.0,1714.0
4351.0,358.0,1240.0,1431.0,1549.0,1714.0
4421.0,358.0,1240.0,1431.0,1549.0,1714.0
4429.0,358.0,1240.0,1431.0,1549.0,1714.0
4434.0,358.0,1240.0,1431.0,1549.0,1714.0
4440.0,358.0,1240.0,1431.0,1549.0,1714.0
4479.0,358.0,1240.0,1431.0,1549.0,1714.0
4502.0,358.0,1240.0,1431.0,1549.0,1714.0
4516.0,358.0,1240.0,1431.0,1549.0,1714.0
4529.0,358.0,1240.0,1431.0,1549.0,1714.0
4535.0,358.0,1240.0,1431.0,1549.0,1714.0
4555.0,358.0,1240.0,1431.0,1549.0,1714.0
4570.0,358.0,1240.0,1431.0,1549.0,1714.0
4581.0,1553.0,3458.0,3857.0,3922.0,4031.0
4587.0,1549.0,1714.0,3857.0,4031.0,4261.0
4596.0,1549.0,1714.0,3857.0,4031.0,4261.0
4625.0,1549.0,1714.0,3857.0,4031.0,4261.0
4627.0,1549.0,1714.0,3857.0,4031.0,4261.0
4634.0,1549.0,1714.0,3857.0,4031.0,4261.0
4044.0,1549.0,1714.0,3857.0,4031.0,4261.0
4097.0,1549.0,1714.0,3857.0,4031.0,4261.0
4122.0,1549.0,1714.0,3857.0,4031.0,4261.0
4125.0,1549.0,1714.0,3857.0,4031.0,4261.0
4134.0,1549.0,1714.0,3857.0,4031.0,4261.0
4141.0,1549.0,1714.0,3857.0,4031.0,4261.0
4174.0,1549.0,1714.0,3857.0,4031.0,4261.0
4204.0,1549.0,1714.0,3857.0,4031.0,4261.0
4205.0,480.0,923.0,3857.0,4031.0,4184.0
4288.0,480.0,923.0,1549.0,1714.0,3857.0
4282.0,480.0,923.0,3463.0,3857.0,4184.0
4290.0,480.0,923.0,1549.0,1714.0,3933.0
4301.0,480.0,923.0,1549.0,1714.0,3933.0
4376.0,480.0,923.0,1549.0,1714.0,3933.0
4414.0,480.0,923.0,1549.0,1714.0,3933.0
4439.0,480.0,923.0,1549.0,1714.0,3933.0
4445.0,480.0,923.0,1549.0,1714.0,3933.0
4468.0,480.0,923.0,1549.0,1714.0,3933.0
4483.0,480.0,923.0,1549.0,1714.0,3933.0
4490.0,480.0,923.0,1549.0,1714.0,3933.0
4496.0,480.0,923.0,1549.0,1714.0,3933.0
4566.0,480.0,923.0,1549.0,1714.0,3933.0
4605.0,480.0,923.0,1549.0,1714.0,3933.0
4631.0,480.0,923.0,1549.0,1714.0,3933.0
4637.0,480.0,923.0,1549.0,1714.0,3857.0
4639.0,358.0,480.0,923.0,1240.0,1431.0
4647.0,358.0,480.0,923.0,1240.0,1431.0
4654.0,358.0,480.0,923.0,1240.0,1431.0
4655.0,358.0,480.0,923.0,1240.0,1431.0
4055.0,358.0,480.0,923.0,1240.0,1431.0
4077.0,358.0,480.0,923.0,1240.0,1431.0
4078.0,358.0,480.0,923.0,1240.0,1431.0
4110.0,358.0,480.0,923.0,1240.0,1431.0
4128.0,358.0,480.0,923.0,1240.0,1431.0
4135.0,358.0,480.0,923.0,1240.0,1431.0
4166.0,358.0,480.0,923.0,1240.0,1431.0
4184.0,358.0,480.0,923.0,1240.0,1431.0
4201.0,358.0,480.0,923.0,1240.0,1431.0
4257.0,358.0,480.0,923.0,1240.0,1431.0
4260.0,480.0,923.0,3463.0,3857.0,4184.0
4323.0,480.0,923.0,3463.0,3857.0,4184.0
4330.0,480.0,923.0,3463.0,3857.0,4184.0
4352.0,358.0,480.0,923.0,1240.0,1431.0
4357.0,358.0,480.0,923.0,1240.0,1431.0
4427.0,358.0,480.0,923.0,1240.0,1431.0
4467.0,358.0,480.0,923.0,1240.0,1431.0
4491.0,358.0,480.0,923.0,1240.0,1431.0
4506.0,358.0,480.0,923.0,1240.0,1431.0
4533.0,358.0,480.0,923.0,1240.0,1431.0
4551.0,358.0,480.0,923.0,1240.0,1431.0
4550.0,358.0,480.0,923.0,1240.0,1431.0
4562.0,358.0,480.0,923.0,1240.0,1431.0
4576.0,358.0,480.0,923.0,1240.0,1431.0
4594.0,358.0,480.0,923.0,1240.0,1431.0
4597.0,358.0,480.0,923.0,1240.0,1431.0
4604.0,480.0,923.0,1549.0,1714.0,3857.0
4616.0,480.0,923.0,1549.0,1714.0,3933.0
4619.0,480.0,923.0,1549.0,1714.0,3933.0
4632.0,480.0,923.0,1549.0,1714.0,3933.0
4644.0,480.0,923.0,1549.0,1714.0,3933.0
4052.0,480.0,923.0,1549.0,1714.0,3933.0
4050.0,480.0,923.0,1549.0,1714.0,3933.0
4053.0,480.0,923.0,1549.0,1714.0,3933.0
4054.0,480.0,923.0,1549.0,1714.0,3933.0
4068.0,480.0,923.0,1549.0,1714.0,3933.0
4062.0,480.0,923.0,1549.0,1714.0,3933.0
4093.0,480.0,923.0,1549.0,1714.0,3933.0
4065.0,480.0,923.0,1549.0,1714.0,3933.0
4101.0,480.0,923.0,1549.0,1714.0,3933.0
4086.0,480.0,923.0,3463.0,3857.0,4184.0
4112.0,480.0,923.0,3857.0,4031.0,4184.0
4162.0,1549.0,1714.0,3857.0,4031.0,4261.0
4202.0,1549.0,1714.0,3857.0,4031.0,4261.0
4105.0,1549.0,1714.0,3857.0,4031.0,4261.0
4145.0,1549.0,1714.0,3857.0,4031.0,4261.0
4271.0,1549.0,1714.0,3857.0,4031.0,4261.0
4189.0,1549.0,1714.0,3857.0,4031.0,4261.0
4278.0,1549.0,1714.0,3857.0,4031.0,4261.0
4192.0,1549.0,1714.0,3857.0,4031.0,4261.0
4280.0,1549.0,1714.0,3857.0,4031.0,4261.0
4268.0,1549.0,1714.0,3857.0,4031.0,4261.0
4319.0,1549.0,1714.0,3857.0,4031.0,4261.0
4332.0,1549.0,1714.0,3857.0,4031.0,4261.0
4353.0,1553.0,3458.0,3857.0,3922.0,4031.0
4299.0,358.0,1240.0,1431.0,1549.0,1714.0
4370.0,358.0,1240.0,1431.0,1549.0,1714.0
4372.0,358.0,1240.0,1431.0,1549.0,1714.0
4409.0,358.0,1240.0,1431.0,1549.0,1714.0
4312.0,358.0,1240.0,1431.0,1549.0,1714.0
4424.0,358.0,1240.0,1431.0,1549.0,1714.0
4329.0,358.0,1240.0,1431.0,1549.0,1714.0
4436.0,358.0,1240.0,1431.0,1549.0,1714.0
4375.0,358.0,1240.0,1431.0,1549.0,1714.0
4450.0,358.0,1240.0,1431.0,1549.0,1714.0
4377.0,358.0,1240.0,1431.0,1549.0,1714.0
4453.0,358.0,1240.0,1431.0,1549.0,1714.0
4430.0,358.0,1240.0,1431.0,1549.0,1714.0
4456.0,1553.0,3458.0,3857.0,3922.0,4031.0
4433.0,358.0,480.0,923.0,1240.0,1431.0
4458.0,1553.0,3458.0,3857.0,3922.0,4031.0
4441.0,1549.0,1714.0,3752.0,3857.0,3927.0
4511.0,1549.0,1714.0,3752.0,3857.0,3927.0
4472.0,1549.0,1714.0,3752.0,3857.0,3927.0
4500.0,1549.0,1714.0,3752.0,3857.0,3927.0
4482.0,1549.0,1714.0,3752.0,3857.0,3927.0
4518.0,1549.0,1714.0,3752.0,3857.0,3927.0
4549.0,1549.0,1714.0,3752.0,3857.0,3927.0
4515.0,1549.0,1714.0,3752.0,3857.0,3927.0
4557.0,1549.0,1714.0,3752.0,3857.0,3927.0
4560.0,1549.0,1714.0,3752.0,3857.0,3927.0
4620.0,1549.0,1714.0,3752.0,3857.0,3927.0
4567.0,1549.0,1714.0,3752.0,3857.0,3927.0
4649.0,1549.0,1714.0,3752.0,3857.0,3927.0
4629.0,1553.0,3458.0,3752.0,3857.0,3922.0
4027.0,1549.0,1553.0,1714.0,3458.0,3857.0
4045.0,358.0,1240.0,1431.0,1549.0,1714.0
4049.0,358.0,1240.0,1431.0,1549.0,1714.0
4074.0,358.0,1240.0,1431.0,1549.0,1714.0
4084.0,358.0,1240.0,1431.0,1549.0,1714.0
4095.0,358.0,1240.0,1431.0,1549.0,1714.0
4142.0,358.0,1240.0,1431.0,1549.0,1714.0
4187.0,358.0,1240.0,1431.0,1549.0,1714.0
4200.0,358.0,1240.0,1431.0,1549.0,1714.0
4213.0,358.0,1240.0,1431.0,1549.0,1714.0
4215.0,358.0,1240.0,1431.0,1549.0,1714.0
4247.0,358.0,1240.0,1431.0,1549.0,1714.0
4269.0,358.0,1240.0,1431.0,1549.0,1714.0
4277.0,358.0,480.0,923.0,1240.0,1431.0
4279.0,358.0,480.0,923.0,1240.0,1431.0
4318.0,358.0,480.0,923.0,1240.0,1431.0
4334.0,358.0,1240.0,1431.0,1549.0,1714.0
4366.0,358.0,1240.0,1431.0,1549.0,1714.0
4369.0,358.0,1240.0,1431.0,1549.0,1714.0
4412.0,358.0,1240.0,1431.0,1549.0,1714.0
4425.0,358.0,1240.0,1431.0,1549.0,1714.0
4428.0,358.0,1240.0,1431.0,1549.0,1714.0
4489.0,358.0,1240.0,1431.0,1549.0,1714.0
4507.0,358.0,1240.0,1431.0,1549.0,1714.0
4517.0,358.0,1240.0,1431.0,1549.0,1714.0
4580.0,358.0,1240.0,1431.0,1549.0,1714.0
4592.0,358.0,1240.0,1431.0,1549.0,1714.0
4606.0,358.0,1240.0,1431.0,1549.0,1714.0
4615.0,358.0,1240.0,1431.0,1549.0,1714.0
4626.0,1549.0,1553.0,1714.0,3458.0,3857.0
4628.0,1553.0,3458.0,3752.0,3857.0,3922.0
4635.0,1549.0,1714.0,3752.0,3857.0,3927.0
4642.0,1549.0,1714.0,3752.0,3857.0,3927.0
4643.0,1549.0,1714.0,3752.0,3857.0,3927.0
4022.0,1549.0,1714.0,3752.0,3857.0,3927.0
4023.0,1549.0,1714.0,3752.0,3857.0,3927.0
4038.0,1549.0,1714.0,3752.0,3857.0,3927.0
4059.0,1549.0,1714.0,3752.0,3857.0,3927.0
4081.0,1549.0,1714.0,3752.0,3857.0,3927.0
4103.0,1549.0,1714.0,3752.0,3857.0,3927.0
4137.0,1549.0,1714.0,3752.0,3857.0,3927.0
4148.0,1549.0,1714.0,3752.0,3857.0,3927.0
4168.0,1549.0,1714.0,3752.0,3857.0,3927.0
4169.0,1553.0,3458.0,3857.0,3922.0,4031.0
4180.0,480.0,923.0,3463.0,3857.0,4184.0
4191.0,1553.0,3458.0,3857.0,3922.0,4031.0
4238.0,1549.0,1714.0,3752.0,3857.0,3927.0
4422.0,1549.0,1714.0,3752.0,3857.0,3927.0
4466.0,1549.0,1714.0,3752.0,3857.0,3927.0
4487.0,1549.0,1714.0,3752.0,3857.0,3927.0
4528.0,1549.0,1714.0,3752.0,3857.0,3927.0
4536.0,1549.0,1714.0,3752.0,3857.0,3927.0
4547.0,1549.0,1714.0,3752.0,3857.0,3927.0
4589.0,1549.0,1714.0,3752.0,3857.0,3927.0
4599.0,1549.0,1714.0,3752.0,3857.0,3927.0
4603.0,1549.0,1714.0,3752.0,3857.0,3927.0
4640.0,1549.0,1714.0,3752.0,3857.0,3927.0
4665.0,1553.0,3458.0,3752.0,3857.0,3922.0
4689.0,1549.0,1553.0,1714.0,3458.0,3857.0
4667.0,358.0,1240.0,1431.0,1549.0,1714.0
4695.0,358.0,1240.0,1431.0,1549.0,1714.0
4758.0,358.0,1240.0,1431.0,1549.0,1714.0
4811.0,358.0,1240.0,1431.0,1549.0,1714.0
4827.0,358.0,1240.0,1431.0,1549.0,1714.0
4833.0,358.0,1240.0,1431.0,1549.0,1714.0
4842.0,358.0,1240.0,1431.0,1549.0,1714.0
4841.0,358.0,1240.0,1431.0,1549.0,1714.0
4874.0,358.0,1240.0,1431.0,1549.0,1714.0
4903.0,358.0,1240.0,1431.0,1549.0,1714.0
4919.0,358.0,1240.0,1431.0,1549.0,1714.0
4929.0,358.0,1240.0,1431.0,1549.0,1714.0
4941.0,358.0,1240.0,1431.0,1549.0,1714.0
5022.0,358.0,480.0,923.0,1240.0,1431.0
5027.0,358.0,480.0,923.0,1240.0,1431.0
5045.0,358.0,480.0,923.0,1240.0,1431.0
5053.0,358.0,1240.0,1431.0,1549.0,1714.0
5055.0,358.0,1240.0,1431.0,1549.0,1714.0
5068.0,358.0,1240.0,1431.0,1549.0,1714.0
5077.0,358.0,1240.0,1431.0,1549.0,1714.0
5079.0,358.0,1240.0,1431.0,1549.0,1714.0
5144.0,358.0,1240.0,1431.0,1549.0,1714.0
5161.0,358.0,1240.0,1431.0,1549.0,1714.0
5234.0,358.0,1240.0,1431.0,1549.0,1714.0
5245.0,358.0,1240.0,1431.0,1549.0,1714.0
5266.0,358.0,1240.0,1431.0,1549.0,1714.0
5273.0,358.0,1240.0,1431.0,1549.0,1714.0
5305.0,358.0,1240.0,1431.0,1549.0,1714.0
4699.0,358.0,1240.0,1431.0,1549.0,1714.0
4750.0,1549.0,1553.0,1714.0,3458.0,3857.0
4755.0,1553.0,3458.0,3752.0,3857.0,3922.0
4829.0,1549.0,1714.0,3752.0,3857.0,3927.0
4869.0,1549.0,1714.0,3752.0,3857.0,3927.0
4884.0,1549.0,1714.0,3752.0,3857.0,3927.0
4886.0,1549.0,1714.0,3752.0,3857.0,3927.0
4896.0,1549.0,1714.0,3752.0,3857.0,3927.0
4907.0,1549.0,1714.0,3752.0,3857.0,3927.0
4916.0,1549.0,1714.0,3752.0,3857.0,3927.0
4918.0,1549.0,1714.0,3752.0,3857.0,3927.0
5018.0,1549.0,1714.0,3752.0,3857.0,3927.0
5051.0,1549.0,1714.0,3752.0,3857.0,3927.0
5112.0,1549.0,1714.0,3752.0,3857.0,3927.0
5126.0,1549.0,1714.0,3752.0,3857.0,3927.0
5127.0,1553.0,3458.0,3752.0,3857.0,3922.0
5172.0,1553.0,3458.0,3752.0,3857.0,3922.0
5188.0,1553.0,3458.0,3752.0,3857.0,3922.0
5217.0,1549.0,1714.0,3752.0,3857.0,3927.0
5238.0,1549.0,1714.0,3752.0,3857.0,3927.0
5240.0,1549.0,1714.0,3752.0,3857.0,3927.0
5241.0,1549.0,1714.0,3752.0,3857.0,3927.0
5271.0,1549.0,1714.0,3752.0,3857.0,3927.0
5276.0,1549.0,1714.0,3752.0,3857.0,3927.0
5287.0,1549.0,1714.0,3752.0,3857.0,3927.0
5294.0,1549.0,1714.0,3752.0,3857.0,3927.0
5302.0,1549.0,1714.0,3752.0,3857.0,3927.0
5312.0,1549.0,1714.0,3752.0,3857.0,3927.0
5316.0,1549.0,1714.0,3752.0,3857.0,3927.0
4684.0,1549.0,1714.0,3752.0,3857.0,3927.0
4709.0,1549.0,1714.0,3752.0,3857.0,3927.0
4729.0,1553.0,3458.0,3752.0,3857.0,3922.0
4734.0,1549.0,1553.0,1714.0,3458.0,3857.0
4737.0,358.0,1240.0,1431.0,1549.0,1714.0
4748.0,358.0,1240.0,1431.0,1549.0,1714.0
4751.0,358.0,1240.0,1431.0,1549.0,1714.0
4752.0,358.0,1240.0,1431.0,1549.0,1714.0
4837.0,358.0,1240.0,1431.0,1549.0,1714.0
4848.0,358.0,1240.0,1431.0,1549.0,1714.0
4864.0,358.0,1240.0,1431.0,1549.0,1714.0
4891.0,358.0,1240.0,1431.0,1549.0,1714.0
4904.0,358.0,1240.0,1431.0,1549.0,1714.0
4920.0,358.0,1240.0,1431.0,1549.0,1714.0
4958.0,358.0,1240.0,1431.0,1549.0,1714.0
4980.0,358.0,1240.0,1431.0,1549.0,1714.0
5003.0,358.0,1240.0,1431.0,1549.0,1714.0
5017.0,358.0,480.0,923.0,1240.0,1431.0
5034.0,358.0,480.0,923.0,1240.0,1431.0
5041.0,358.0,480.0,923.0,1240.0,1431.0
5065.0,358.0,1240.0,1431.0,1549.0,1714.0
5069.0,358.0,1240.0,1431.0,1549.0,1714.0
5136.0,358.0,1240.0,1431.0,1549.0,1714.0
5167.0,358.0,1240.0,1431.0,1549.0,1714.0
5169.0,358.0,1240.0,1431.0,1549.0,1714.0
5202.0,358.0,1240.0,1431.0,1549.0,1714.0
5205.0,358.0,1240.0,1431.0,1549.0,1714.0
5214.0,358.0,1240.0,1431.0,1549.0,1714.0
5249.0,358.0,1240.0,1431.0,1549.0,1714.0
5264.0,358.0,1240.0,1431.0,1549.0,1714.0
5282.0,358.0,1240.0,1431.0,1549.0,1714.0
5285.0,358.0,1240.0,1431.0,1549.0,1714.0
5303.0,358.0,1240.0,1431.0,1549.0,1714.0
5304.0,1549.0,1553.0,1714.0,3458.0,3857.0
4668.0,1553.0,3458.0,3752.0,3857.0,3922.0
4686.0,1549.0,1714.0,3752.0,3857.0,3927.0
4700.0,1549.0,1714.0,3752.0,3857.0,3927.0
4702.0,1549.0,1714.0,3752.0,3857.0,3927.0
4736.0,1549.0,1714.0,3752.0,3857.0,3927.0
4814.0,1549.0,1714.0,3752.0,3857.0,3927.0
4824.0,1549.0,1714.0,3752.0,3857.0,3927.0
4858.0,1549.0,1714.0,3752.0,3857.0,3927.0
4906.0,1549.0,1714.0,3752.0,3857.0,3927.0
4953.0,1549.0,1714.0,3752.0,3857.0,3927.0
4971.0,1549.0,1714.0,3752.0,3857.0,3927.0
4976.0,1549.0,1714.0,3752.0,3857.0,3927.0
4998.0,1549.0,1714.0,3752.0,3857.0,3927.0
5014.0,1549.0,1714.0,3752.0,3857.0,3927.0
5044.0,1553.0,3458.0,3857.0,3922.0,4031.0
5047.0,1553.0,3458.0,3752.0,3857.0,3922.0
5085.0,1553.0,3458.0,3857.0,3922.0,4031.0
5109.0,1549.0,1714.0,3752.0,3857.0,3927.0
5121.0,1549.0,1714.0,3752.0,3857.0,3927.0
5153.0,1549.0,1714.0,3752.0,3857.0,3927.0
5154.0,1549.0,1714.0,3752.0,3857.0,3927.0
5222.0,1549.0,1714.0,3752.0,3857.0,3927.0
5225.0,1549.0,1714.0,3752.0,3857.0,3927.0
5274.0,1549.0,1714.0,3752.0,3857.0,3927.0
5301.0,1549.0,1714.0,3752.0,3857.0,3927.0
5300.0,1549.0,1714.0,3752.0,3857.0,3927.0
4683.0,1549.0,1714.0,3752.0,3857.0,3927.0
4685.0,1549.0,1714.0,3752.0,3857.0,3927.0
4696.0,1549.0,1714.0,3752.0,3857.0,3927.0
4723.0,1549.0,1714.0,3752.0,3857.0,3927.0
4744.0,1553.0,3458.0,3752.0,3857.0,3922.0
4753.0,1549.0,1553.0,1714.0,3458.0,3857.0
4810.0,358.0,1240.0,1431.0,1549.0,1714.0
4816.0,358.0,1240.0,1431.0,1549.0,1714.0
4831.0,358.0,1240.0,1431.0,1549.0,1714.0
4854.0,358.0,1240.0,1431.0,1549.0,1714.0
4859.0,358.0,1240.0,1431.0,1549.0,1714.0
4863.0,358.0,1240.0,1431.0,1549.0,1714.0
4888.0,358.0,1240.0,1431.0,1549.0,1714.0
4921.0,358.0,1240.0,1431.0,1549.0,1714.0
4960.0,358.0,1240.0,1431.0,1549.0,1714.0
4967.0,358.0,1240.0,1431.0,1549.0,1714.0
4972.0,358.0,1240.0,1431.0,1549.0,1714.0
5000.0,358.0,1240.0,1431.0,1549.0,1714.0
5011.0,358.0,1240.0,1431.0,1549.0,1714.0
5032.0,1553.0,3458.0,3857.0,3922.0,4031.0
5037.0,1549.0,1553.0,1714.0,3458.0,3857.0
5043.0,480.0,923.0,1553.0,3458.0,3857.0
5057.0,480.0,923.0,1549.0,1553.0,1714.0
5078.0,480.0,923.0,1549.0,1553.0,1714.0
5099.0,480.0,923.0,1549.0,1553.0,1714.0
5110.0,480.0,923.0,1549.0,1553.0,1714.0
5124.0,480.0,923.0,1549.0,1553.0,1714.0
5137.0,480.0,923.0,1549.0,1553.0,1714.0
5147.0,480.0,923.0,1549.0,1553.0,1714.0
5183.0,480.0,923.0,1549.0,1553.0,1714.0
5187.0,480.0,923.0,1549.0,1553.0,1714.0
5201.0,480.0,923.0,1549.0,1553.0,1714.0
5246.0,480.0,923.0,1549.0,1553.0,1714.0
5279.0,480.0,923.0,1549.0,1553.0,1714.0
5295.0,480.0,923.0,1549.0,1553.0,1714.0
5298.0,480.0,908.0,923.0,1553.0,2003.0
4658.0,1549.0,1553.0,1714.0,3458.0,3752.0
4715.0,1549.0,1553.0,1714.0,3458.0,3752.0
4661.0,1549.0,1553.0,1714.0,3458.0,3752.0
4669.0,1549.0,1553.0,1714.0,3458.0,3752.0
4682.0,1549.0,1553.0,1714.0,3458.0,3752.0
4725.0,1549.0,1553.0,1714.0,3458.0,3752.0
4759.0,1549.0,1553.0,1714.0,3458.0,3752.0
4830.0,1549.0,1553.0,1714.0,3458.0,3752.0
4845.0,1549.0,1553.0,1714.0,3458.0,3752.0
4847.0,1549.0,1553.0,1714.0,3458.0,3752.0
4910.0,1549.0,1553.0,1714.0,3458.0,3752.0
4917.0,1549.0,1553.0,1714.0,3458.0,3752.0
4927.0,480.0,908.0,923.0,1553.0,2003.0
4930.0,1553.0,3458.0,3752.0,3857.0,3922.0
4970.0,480.0,908.0,923.0,1553.0,2003.0
5024.0,1549.0,1553.0,1714.0,3458.0,3822.0
5030.0,1549.0,1553.0,1714.0,3458.0,3822.0
5033.0,1549.0,1553.0,1714.0,3458.0,3822.0
5048.0,1549.0,1553.0,1714.0,3458.0,3822.0
5076.0,1549.0,1553.0,1714.0,3458.0,3822.0
5080.0,1549.0,1553.0,1714.0,3458.0,3822.0
5134.0,1549.0,1553.0,1714.0,3458.0,3822.0
5143.0,1549.0,1553.0,1714.0,3458.0,3822.0
5156.0,1549.0,1553.0,1714.0,3458.0,3822.0
5162.0,1549.0,1553.0,1714.0,3458.0,3822.0
5171.0,1549.0,1553.0,1714.0,3458.0,3822.0
5179.0,1549.0,1553.0,1714.0,3458.0,3822.0
5236.0,1549.0,1553.0,1714.0,3458.0,3822.0
5237.0,908.0,1553.0,2003.0,3458.0,3771.0
5260.0,908.0,1549.0,1553.0,1714.0,2003.0
5263.0,1549.0,1553.0,1714.0,3458.0,3752.0
5262.0,1549.0,1553.0,1714.0,3458.0,3752.0
5265.0,1549.0,1553.0,1714.0,3458.0,3752.0
5272.0,1549.0,1553.0,1714.0,3458.0,3752.0
5280.0,1549.0,1553.0,1714.0,3458.0,3752.0
5281.0,1549.0,1553.0,1714.0,3458.0,3752.0
5286.0,1549.0,1553.0,1714.0,3458.0,3752.0
5317.0,1549.0,1553.0,1714.0,3458.0,3752.0
4756.0,1549.0,1553.0,1714.0,3458.0,3752.0
4851.0,1549.0,1553.0,1714.0,3458.0,3752.0
4894.0,1549.0,1553.0,1714.0,3458.0,3752.0
4895.0,1549.0,1553.0,1714.0,3458.0,3752.0
4912.0,1553.0,3458.0,3752.0,3857.0,3922.0
4932.0,1553.0,3458.0,3752.0,3857.0,3922.0
4933.0,1553.0,3458.0,3752.0,3857.0,3922.0
4935.0,1549.0,1553.0,1714.0,3458.0,3752.0
4939.0,1549.0,1553.0,1714.0,3458.0,3752.0
4957.0,1549.0,1553.0,1714.0,3458.0,3752.0
4968.0,1549.0,1553.0,1714.0,3458.0,3752.0
4975.0,1549.0,1553.0,1714.0,3458.0,3752.0
4978.0,1549.0,1553.0,1714.0,3458.0,3752.0
5006.0,1549.0,1553.0,1714.0,3458.0,3752.0
5008.0,1549.0,1553.0,1714.0,3458.0,3752.0
5010.0,1549.0,1553.0,1714.0,3458.0,3752.0
5019.0,1549.0,1553.0,1714.0,3458.0,3752.0
5029.0,1549.0,1553.0,1714.0,3458.0,3752.0
5058.0,1549.0,1553.0,1714.0,3458.0,3752.0
5090.0,1549.0,1553.0,1714.0,3458.0,3752.0
5108.0,908.0,1549.0,1553.0,1714.0,2003.0
5138.0,908.0,1553.0,2003.0,3458.0,3771.0
5148.0,1549.0,1553.0,1714.0,3458.0,3822.0
5164.0,1549.0,1553.0,1714.0,3458.0,3822.0
5166.0,1549.0,1553.0,1714.0,3458.0,3822.0
5174.0,1549.0,1553.0,1714.0,3458.0,3822.0
5182.0,1549.0,1553.0,1714.0,3458.0,3822.0
5232.0,1549.0,1553.0,1714.0,3458.0,3822.0
5258.0,1549.0,1553.0,1714.0,3458.0,3822.0
5314.0,1549.0,1553.0,1714.0,3458.0,3822.0
4672.0,1549.0,1553.0,1714.0,3458.0,3822.0
4680.0,1549.0,1553.0,1714.0,3458.0,3822.0
4690.0,1549.0,1553.0,1714.0,3458.0,3822.0
4727.0,1549.0,1553.0,1714.0,3458.0,3822.0
4738.0,1549.0,1553.0,1714.0,3458.0,3822.0
4747.0,1553.0,3458.0,3857.0,3922.0,4031.0
4749.0,1553.0,3458.0,3752.0,3857.0,3922.0
4754.0,1553.0,3458.0,3857.0,3922.0,4031.0
4760.0,1549.0,1714.0,3752.0,3857.0,3927.0
4763.0,1549.0,1714.0,3752.0,3857.0,3927.0
4822.0,1549.0,1714.0,3752.0,3857.0,3927.0
4836.0,1549.0,1714.0,3752.0,3857.0,3927.0
4860.0,1549.0,1714.0,3752.0,3857.0,3927.0
4870.0,1549.0,1714.0,3752.0,3857.0,3927.0
4871.0,1549.0,1714.0,3752.0,3857.0,3927.0
4911.0,1549.0,1714.0,3752.0,3857.0,3927.0
4913.0,1549.0,1714.0,3752.0,3857.0,3927.0
4943.0,1549.0,1714.0,3752.0,3857.0,3927.0
4956.0,1549.0,1714.0,3752.0,3857.0,3927.0
4963.0,1549.0,1714.0,3752.0,3857.0,3927.0
5026.0,1549.0,1714.0,3752.0,3857.0,3927.0
5040.0,1553.0,3458.0,3752.0,3857.0,3922.0
5054.0,1549.0,1553.0,1714.0,3458.0,3857.0
5067.0,358.0,1240.0,1431.0,1549.0,1714.0
5111.0,358.0,1240.0,1431.0,1549.0,1714.0
5125.0,358.0,1240.0,1431.0,1549.0,1714.0
5140.0,358.0,1240.0,1431.0,1549.0,1714.0
5228.0,358.0,1240.0,1431.0,1549.0,1714.0
5230.0,358.0,1240.0,1431.0,1549.0,1714.0
5233.0,358.0,1240.0,1431.0,1549.0,1714.0
5235.0,358.0,1240.0,1431.0,1549.0,1714.0
5252.0,358.0,1240.0,1431.0,1549.0,1714.0
5288.0,358.0,1240.0,1431.0,1549.0,1714.0
5299.0,358.0,1240.0,1431.0,1549.0,1714.0
5310.0,358.0,1240.0,1431.0,1549.0,1714.0
4663.0,358.0,1240.0,1431.0,1549.0,1714.0
4657.0,358.0,480.0,923.0,1240.0,1431.0
4671.0,358.0,480.0,923.0,1240.0,1431.0
4698.0,358.0,480.0,923.0,1240.0,1431.0
4714.0,358.0,1240.0,1431.0,1549.0,1714.0
4718.0,358.0,1240.0,1431.0,1549.0,1714.0
4743.0,358.0,1240.0,1431.0,1549.0,1714.0
4746.0,358.0,1240.0,1431.0,1549.0,1714.0
4817.0,358.0,1240.0,1431.0,1549.0,1714.0
4834.0,358.0,1240.0,1431.0,1549.0,1714.0
4873.0,358.0,1240.0,1431.0,1549.0,1714.0
4934.0,358.0,1240.0,1431.0,1549.0,1714.0
4952.0,358.0,1240.0,1431.0,1549.0,1714.0
4959.0,358.0,1240.0,1431.0,1549.0,1714.0
4965.0,358.0,1240.0,1431.0,1549.0,1714.0
5001.0,358.0,1240.0,1431.0,1549.0,1714.0
5028.0,358.0,1240.0,1431.0,1549.0,1714.0
5031.0,1549.0,1553.0,1714.0,3458.0,3857.0
5036.0,1553.0,3458.0,3752.0,3857.0,3922.0
5052.0,1549.0,1714.0,3752.0,3857.0,3927.0
5056.0,1549.0,1714.0,3752.0,3857.0,3927.0
5063.0,1549.0,1714.0,3752.0,3857.0,3927.0
5086.0,1549.0,1714.0,3752.0,3857.0,3927.0
5087.0,1549.0,1714.0,3752.0,3857.0,3927.0
5102.0,1549.0,1714.0,3752.0,3857.0,3927.0
5123.0,1549.0,1714.0,3752.0,3857.0,3927.0
5151.0,1549.0,1714.0,3752.0,3857.0,3927.0
5160.0,1549.0,1714.0,3752.0,3857.0,3927.0
5165.0,1549.0,1714.0,3752.0,3857.0,3927.0
5176.0,1549.0,1714.0,3752.0,3857.0,3927.0
5224.0,1549.0,1714.0,3752.0,3857.0,3927.0
5242.0,1549.0,1714.0,3752.0,3857.0,3927.0
5244.0,1553.0,3458.0,3857.0,3922.0,4031.0
5257.0,358.0,480.0,923.0,1240.0,1431.0
5270.0,1553.0,3458.0,3857.0,3922.0,4031.0
5275.0,358.0,1240.0,1431.0,1549.0,1714.0
5277.0,358.0,1240.0,1431.0,1549.0,1714.0
4659.0,358.0,1240.0,1431.0,1549.0,1714.0
4691.0,358.0,1240.0,1431.0,1549.0,1714.0
4679.0,358.0,1240.0,1431.0,1549.0,1714.0
4693.0,358.0,1240.0,1431.0,1549.0,1714.0
4724.0,358.0,1240.0,1431.0,1549.0,1714.0
4730.0,358.0,1240.0,1431.0,1549.0,1714.0
4764.0,358.0,1240.0,1431.0,1549.0,1714.0
4821.0,358.0,1240.0,1431.0,1549.0,1714.0
4849.0,358.0,1240.0,1431.0,1549.0,1714.0
4853.0,358.0,1240.0,1431.0,1549.0,1714.0
4875.0,358.0,1240.0,1431.0,1549.0,1714.0
4915.0,1553.0,3458.0,3857.0,3922.0,4031.0
4944.0,1549.0,1714.0,3857.0,4031.0,4261.0
4996.0,1549.0,1714.0,3857.0,4031.0,4261.0
4997.0,1549.0,1714.0,3857.0,4031.0,4261.0
5013.0,1549.0,1714.0,3857.0,4031.0,4261.0
5046.0,1549.0,1714.0,3857.0,4031.0,4261.0
5049.0,1549.0,1714.0,3857.0,4031.0,4261.0
5059.0,1549.0,1714.0,3857.0,4031.0,4261.0
5135.0,1549.0,1714.0,3857.0,4031.0,4261.0
5192.0,1549.0,1714.0,3857.0,4031.0,4261.0
5204.0,1549.0,1714.0,3857.0,4031.0,4261.0
5239.0,1549.0,1714.0,3857.0,4031.0,4261.0
4711.0,1549.0,1714.0,3857.0,4031.0,4261.0
4722.0,1549.0,1714.0,3857.0,4031.0,4261.0
4728.0,480.0,923.0,3857.0,4031.0,4184.0
4733.0,480.0,923.0,1549.0,1714.0,3857.0
4735.0,480.0,923.0,3463.0,3857.0,4184.0
4757.0,480.0,923.0,1549.0,1714.0,3933.0
4732.0,480.0,923.0,1549.0,1714.0,3933.0
4762.0,480.0,923.0,1549.0,1714.0,3933.0
4813.0,480.0,923.0,1549.0,1714.0,3933.0
4840.0,480.0,923.0,1549.0,1714.0,3933.0
4818.0,480.0,923.0,1549.0,1714.0,3933.0
4857.0,480.0,923.0,1549.0,1714.0,3933.0
4828.0,480.0,923.0,1549.0,1714.0,3933.0
4890.0,480.0,923.0,1549.0,1714.0,3933.0
4861.0,480.0,923.0,1549.0,1714.0,3933.0
4946.0,480.0,923.0,1549.0,1714.0,3933.0
4995.0,480.0,923.0,1549.0,1714.0,3933.0
4878.0,480.0,923.0,1549.0,1714.0,3857.0
5081.0,358.0,480.0,923.0,1240.0,1431.0
4940.0,358.0,480.0,923.0,1240.0,1431.0
5103.0,358.0,480.0,923.0,1240.0,1431.0
4948.0,358.0,480.0,923.0,1240.0,1431.0
5115.0,358.0,480.0,923.0,1240.0,1431.0
5119.0,358.0,480.0,923.0,1240.0,1431.0
4951.0,358.0,480.0,923.0,1240.0,1431.0
5133.0,358.0,480.0,923.0,1240.0,1431.0
5146.0,358.0,480.0,923.0,1240.0,1431.0
4973.0,358.0,480.0,923.0,1240.0,1431.0
5152.0,358.0,480.0,923.0,1240.0,1431.0
5210.0,358.0,480.0,923.0,1240.0,1431.0
4979.0,358.0,480.0,923.0,1240.0,1431.0
5229.0,358.0,480.0,923.0,1240.0,1431.0
4981.0,480.0,923.0,3463.0,3857.0,4184.0
5231.0,480.0,923.0,3463.0,3857.0,4184.0
5289.0,480.0,923.0,3463.0,3857.0,4184.0
4986.0,358.0,480.0,923.0,1240.0,1431.0
5292.0,358.0,480.0,923.0,1240.0,1431.0
5016.0,358.0,480.0,923.0,1240.0,1431.0
5050.0,358.0,480.0,923.0,1240.0,1431.0
5107.0,358.0,480.0,923.0,1240.0,1431.0
5118.0,358.0,480.0,923.0,1240.0,1431.0
5141.0,358.0,480.0,923.0,1240.0,1431.0
5142.0,358.0,480.0,923.0,1240.0,1431.0
5145.0,358.0,480.0,923.0,1240.0,1431.0
5157.0,358.0,480.0,923.0,1240.0,1431.0
5203.0,358.0,480.0,923.0,1240.0,1431.0
5212.0,358.0,480.0,923.0,1240.0,1431.0
5213.0,358.0,480.0,923.0,1240.0,1431.0
5248.0,358.0,480.0,923.0,1240.0,1431.0
5269.0,480.0,923.0,1549.0,1714.0,3857.0
5307.0,480.0,923.0,1549.0,1714.0,3933.0
4660.0,480.0,923.0,1549.0,1714.0,3933.0
4664.0,480.0,923.0,1549.0,1714.0,3933.0
4670.0,480.0,923.0,1549.0,1714.0,3933.0
4675.0,480.0,923.0,1549.0,1714.0,3933.0
4692.0,480.0,923.0,1549.0,1714.0,3933.0
4708.0,480.0,923.0,1549.0,1714.0,3933.0
4710.0,480.0,923.0,1549.0,1714.0,3933.0
4716.0,480.0,923.0,1549.0,1714.0,3933.0
4726.0,480.0,923.0,1549.0,1714.0,3933.0
4731.0,480.0,923.0,1549.0,1714.0,3933.0
4742.0,480.0,923.0,1549.0,1714.0,3933.0
4761.0,480.0,923.0,1549.0,1714.0,3933.0
4812.0,480.0,923.0,3463.0,3857.0,4184.0
4839.0,480.0,923.0,1549.0,1714.0,3857.0
4852.0,480.0,923.0,3857.0,4031.0,4184.0
4872.0,1549.0,1714.0,3857.0,4031.0,4261.0
4892.0,1549.0,1714.0,3857.0,4031.0,4261.0
4893.0,1549.0,1714.0,3857.0,4031.0,4261.0
4902.0,1549.0,1714.0,3857.0,4031.0,4261.0
4922.0,1549.0,1714.0,3857.0,4031.0,4261.0
4923.0,1549.0,1714.0,3857.0,4031.0,4261.0
4938.0,1549.0,1714.0,3857.0,4031.0,4261.0
4955.0,1549.0,1714.0,3857.0,4031.0,4261.0
5021.0,1549.0,1714.0,3857.0,4031.0,4261.0
5097.0,1549.0,1714.0,3857.0,4031.0,4261.0
5098.0,1549.0,1714.0,3857.0,4031.0,4261.0
5113.0,1549.0,1714.0,3857.0,4031.0,4261.0
5114.0,1549.0,1714.0,3857.0,4031.0,4261.0
5120.0,1553.0,3458.0,3857.0,3922.0,4031.0
5122.0,358.0,1240.0,1431.0,1549.0,1714.0
5208.0,358.0,1240.0,1431.0,1549.0,1714.0
5220.0,358.0,1240.0,1431.0,1549.0,1714.0
5227.0,358.0,1240.0,1431.0,1549.0,1714.0
5278.0,358.0,1240.0,1431.0,1549.0,1714.0
5283.0,358.0,1240.0,1431.0,1549.0,1714.0
4674.0,358.0,1240.0,1431.0,1549.0,1714.0
4717.0,358.0,1240.0,1431.0,1549.0,1714.0
4678.0,358.0,1240.0,1431.0,1549.0,1714.0
4713.0,358.0,1240.0,1431.0,1549.0,1714.0
4741.0,358.0,1240.0,1431.0,1549.0,1714.0
4745.0,358.0,1240.0,1431.0,1549.0,1714.0
4815.0,358.0,1240.0,1431.0,1549.0,1714.0
4835.0,1553.0,3458.0,3857.0,3922.0,4031.0
4865.0,358.0,480.0,923.0,1240.0,1431.0
4867.0,1553.0,3458.0,3857.0,3922.0,4031.0
4905.0,1549.0,1714.0,3752.0,3857.0,3927.0
4914.0,1549.0,1714.0,3752.0,3857.0,3927.0
4961.0,1549.0,1714.0,3752.0,3857.0,3927.0
5038.0,1549.0,1714.0,3752.0,3857.0,3927.0
5039.0,1549.0,1714.0,3752.0,3857.0,3927.0
5082.0,1549.0,1714.0,3752.0,3857.0,3927.0
5100.0,1549.0,1714.0,3752.0,3857.0,3927.0
5116.0,1549.0,1714.0,3752.0,3857.0,3927.0
5131.0,1549.0,1714.0,3752.0,3857.0,3927.0
5251.0,1549.0,1714.0,3752.0,3857.0,3927.0
5255.0,1549.0,1714.0,3752.0,3857.0,3927.0
5261.0,1549.0,1714.0,3752.0,3857.0,3927.0
5267.0,1549.0,1714.0,3752.0,3857.0,3927.0
5290.0,1553.0,3458.0,3752.0,3857.0,3922.0
5293.0,1549.0,1553.0,1714.0,3458.0,3857.0
5296.0,358.0,1240.0,1431.0,1549.0,1714.0
4832.0,358.0,1240.0,1431.0,1549.0,1714.0
4838.0,358.0,1240.0,1431.0,1549.0,1714.0
4843.0,358.0,1240.0,1431.0,1549.0,1714.0
4844.0,358.0,1240.0,1431.0,1549.0,1714.0
4855.0,358.0,1240.0,1431.0,1549.0,1714.0
4856.0,358.0,1240.0,1431.0,1549.0,1714.0
4909.0,358.0,1240.0,1431.0,1549.0,1714.0
4937.0,358.0,1240.0,1431.0,1549.0,1714.0
4945.0,358.0,1240.0,1431.0,1549.0,1714.0
4954.0,358.0,1240.0,1431.0,1549.0,1714.0
4962.0,358.0,1240.0,1431.0,1549.0,1714.0
4974.0,358.0,1240.0,1431.0,1549.0,1714.0
4992.0,358.0,480.0,923.0,1240.0,1431.0
4993.0,358.0,480.0,923.0,1240.0,1431.0
5002.0,358.0,480.0,923.0,1240.0,1431.0
5005.0,358.0,1240.0,1431.0,1549.0,1714.0
5025.0,358.0,1240.0,1431.0,1549.0,1714.0
5084.0,358.0,1240.0,1431.0,1549.0,1714.0
5088.0,358.0,1240.0,1431.0,1549.0,1714.0
5089.0,358.0,1240.0,1431.0,1549.0,1714.0
5132.0,358.0,1240.0,1431.0,1549.0,1714.0
5155.0,358.0,1240.0,1431.0,1549.0,1714.0
5158.0,358.0,1240.0,1431.0,1549.0,1714.0
5159.0,358.0,1240.0,1431.0,1549.0,1714.0
5168.0,358.0,1240.0,1431.0,1549.0,1714.0
5173.0,358.0,1240.0,1431.0,1549.0,1714.0
5207.0,358.0,1240.0,1431.0,1549.0,1714.0
5221.0,358.0,1240.0,1431.0,1549.0,1714.0
5256.0,1549.0,1553.0,1714.0,3458.0,3857.0
4662.0,1553.0,3458.0,3752.0,3857.0,3922.0
4673.0,1549.0,1714.0,3752.0,3857.0,3927.0
4676.0,1549.0,1714.0,3752.0,3857.0,3927.0
4677.0,1549.0,1714.0,3752.0,3857.0,3927.0
4687.0,1549.0,1714.0,3752.0,3857.0,3927.0
4712.0,1549.0,1714.0,3752.0,3857.0,3927.0
4720.0,1549.0,1714.0,3752.0,3857.0,3927.0
4819.0,1549.0,1714.0,3752.0,3857.0,3927.0
4820.0,1549.0,1714.0,3752.0,3857.0,3927.0
4823.0,1549.0,1714.0,3752.0,3857.0,3927.0
4846.0,1549.0,1714.0,3752.0,3857.0,3927.0
4908.0,1549.0,1714.0,3752.0,3857.0,3927.0
4931.0,1549.0,1714.0,3752.0,3857.0,3927.0
4942.0,1549.0,1714.0,3752.0,3857.0,3927.0
4964.0,480.0,923.0,3463.0,3857.0,4184.0
4977.0,480.0,923.0,3463.0,3857.0,4184.0
5004.0,480.0,923.0,3463.0,3857.0,4184.0
5007.0,1549.0,1714.0,3752.0,3857.0,3927.0
5020.0,1549.0,1714.0,3752.0,3857.0,3927.0
5066.0,1549.0,1714.0,3752.0,3857.0,3927.0
5075.0,1549.0,1714.0,3752.0,3857.0,3927.0
5083.0,1549.0,1714.0,3752.0,3857.0,3927.0
5170.0,1549.0,1714.0,3752.0,3857.0,3927.0
5181.0,1549.0,1714.0,3752.0,3857.0,3927.0
5206.0,1549.0,1714.0,3752.0,3857.0,3927.0
5209.0,1549.0,1714.0,3752.0,3857.0,3927.0
5215.0,1549.0,1714.0,3752.0,3857.0,3927.0
5243.0,1549.0,1714.0,3752.0,3857.0,3927.0
5247.0,1549.0,1714.0,3752.0,3857.0,3927.0
5253.0,1549.0,1714.0,3752.0,3857.0,3927.0
5254.0,1553.0,3458.0,3752.0,3857.0,3922.0
5259.0,1549.0,1553.0,1714.0,3458.0,3857.0
5268.0,358.0,1240.0,1431.0,1549.0,1714.0
5291.0,358.0,1240.0,1431.0,1549.0,1714.0
5306.0,358.0,1240.0,1431.0,1549.0,1714.0
5313.0,358.0,1240.0,1431.0,1549.0,1714.0
5315.0,358.0,1240.0,1431.0,1549.0,1714.0
5339.0,358.0,1240.0,1431.0,1549.0,1714.0
5318.0,358.0,1240.0,1431.0,1549.0,1714.0
5322.0,358.0,1240.0,1431.0,1549.0,1714.0
5363.0,358.0,1240.0,1431.0,1549.0,1714.0
5370.0,358.0,1240.0,1431.0,1549.0,1714.0
5383.0,358.0,1240.0,1431.0,1549.0,1714.0
5384.0,358.0,1240.0,1431.0,1549.0,1714.0
5395.0,358.0,1240.0,1431.0,1549.0,1714.0
5399.0,358.0,480.0,923.0,1240.0,1431.0
5460.0,358.0,480.0,923.0,1240.0,1431.0
5467.0,358.0,480.0,923.0,1240.0,1431.0
5471.0,358.0,1240.0,1431.0,1549.0,1714.0
5472.0,358.0,1240.0,1431.0,1549.0,1714.0
5519.0,358.0,1240.0,1431.0,1549.0,1714.0
5545.0,358.0,1240.0,1431.0,1549.0,1714.0
5573.0,358.0,1240.0,1431.0,1549.0,1714.0
5576.0,358.0,1240.0,1431.0,1549.0,1714.0
5610.0,358.0,1240.0,1431.0,1549.0,1714.0
5624.0,358.0,1240.0,1431.0,1549.0,1714.0
5627.0,358.0,1240.0,1431.0,1549.0,1714.0
5659.0,358.0,1240.0,1431.0,1549.0,1714.0
5708.0,358.0,1240.0,1431.0,1549.0,1714.0
5710.0,358.0,1240.0,1431.0,1549.0,1714.0
5715.0,358.0,1240.0,1431.0,1549.0,1714.0
5740.0,1549.0,1553.0,1714.0,3458.0,3857.0
5759.0,1553.0,3458.0,3752.0,3857.0,3922.0
5793.0,1549.0,1714.0,3752.0,3857.0,3927.0
5842.0,1549.0,1714.0,3752.0,3857.0,3927.0
5859.0,1549.0,1714.0,3752.0,3857.0,3927.0
5862.0,1549.0,1714.0,3752.0,3857.0,3927.0
5864.0,1549.0,1714.0,3752.0,3857.0,3927.0
5900.0,1549.0,1714.0,3752.0,3857.0,3927.0
5381.0,1549.0,1714.0,3752.0,3857.0,3927.0
5357.0,1549.0,1714.0,3752.0,3857.0,3927.0
5387.0,1549.0,1714.0,3752.0,3857.0,3927.0
5443.0,1549.0,1714.0,3752.0,3857.0,3927.0
5389.0,1549.0,1714.0,3752.0,3857.0,3927.0
5484.0,1549.0,1714.0,3752.0,3857.0,3927.0
5390.0,1549.0,1714.0,3752.0,3857.0,3927.0
5480.0,1553.0,3458.0,3857.0,3922.0,4031.0
5500.0,358.0,480.0,923.0,1240.0,1431.0
5444.0,1553.0,3458.0,3857.0,3922.0,4031.0
5514.0,358.0,1240.0,1431.0,1549.0,1714.0
5551.0,358.0,1240.0,1431.0,1549.0,1714.0
5455.0,358.0,1240.0,1431.0,1549.0,1714.0
5565.0,358.0,1240.0,1431.0,1549.0,1714.0
5464.0,358.0,1240.0,1431.0,1549.0,1714.0
5593.0,358.0,1240.0,1431.0,1549.0,1714.0
5477.0,358.0,1240.0,1431.0,1549.0,1714.0
5485.0,358.0,1240.0,1431.0,1549.0,1714.0
5623.0,358.0,1240.0,1431.0,1549.0,1714.0
5511.0,358.0,1240.0,1431.0,1549.0,1714.0
5629.0,358.0,1240.0,1431.0,1549.0,1714.0
5618.0,358.0,1240.0,1431.0,1549.0,1714.0
5656.0,358.0,1240.0,1431.0,1549.0,1714.0
5642.0,1553.0,3458.0,3857.0,3922.0,4031.0
5671.0,1549.0,1714.0,3857.0,4031.0,4261.0
5666.0,1549.0,1714.0,3857.0,4031.0,4261.0
5677.0,1549.0,1714.0,3857.0,4031.0,4261.0
5725.0,1549.0,1714.0,3857.0,4031.0,4261.0
5698.0,1549.0,1714.0,3857.0,4031.0,4261.0
5726.0,1549.0,1714.0,3857.0,4031.0,4261.0
5744.0,1549.0,1714.0,3857.0,4031.0,4261.0
5768.0,1549.0,1714.0,3857.0,4031.0,4261.0
5794.0,1549.0,1714.0,3857.0,4031.0,4261.0
5792.0,1549.0,1714.0,3857.0,4031.0,4261.0
5798.0,1549.0,1714.0,3857.0,4031.0,4261.0
5818.0,1549.0,1714.0,3857.0,4031.0,4261.0
5807.0,1549.0,1714.0,3857.0,4031.0,4261.0
5809.0,480.0,923.0,3857.0,4031.0,4184.0
5858.0,480.0,923.0,1549.0,1714.0,3857.0
5825.0,480.0,923.0,3463.0,3857.0,4184.0
5826.0,480.0,923.0,1549.0,1714.0,3933.0
5861.0,480.0,923.0,1549.0,1714.0,3933.0
5836.0,480.0,923.0,1549.0,1714.0,3933.0
5863.0,480.0,923.0,1549.0,1714.0,3933.0
5906.0,480.0,923.0,1549.0,1714.0,3933.0
5912.0,480.0,923.0,1549.0,1714.0,3933.0
5326.0,480.0,923.0,1549.0,1714.0,3933.0
5328.0,480.0,923.0,1549.0,1714.0,3933.0
5344.0,480.0,923.0,1549.0,1714.0,3933.0
5354.0,480.0,923.0,1549.0,1714.0,3933.0
5355.0,480.0,923.0,1549.0,1714.0,3933.0
5356.0,480.0,923.0,1549.0,1714.0,3933.0
5434.0,480.0,923.0,1549.0,1714.0,3857.0
5452.0,358.0,480.0,923.0,1240.0,1431.0
5487.0,358.0,480.0,923.0,1240.0,1431.0
5509.0,358.0,480.0,923.0,1240.0,1431.0
5515.0,358.0,480.0,923.0,1240.0,1431.0
5522.0,358.0,480.0,923.0,1240.0,1431.0
5539.0,358.0,480.0,923.0,1240.0,1431.0
5544.0,358.0,480.0,923.0,1240.0,1431.0
5546.0,358.0,480.0,923.0,1240.0,1431.0
5550.0,358.0,480.0,923.0,1240.0,1431.0
5562.0,358.0,480.0,923.0,1240.0,1431.0
5579.0,358.0,480.0,923.0,1240.0,1431.0
5584.0,358.0,480.0,923.0,1240.0,1431.0
5607.0,358.0,480.0,923.0,1240.0,1431.0
5637.0,358.0,480.0,923.0,1240.0,1431.0
5665.0,480.0,923.0,3463.0,3857.0,4184.0
5674.0,480.0,923.0,3463.0,3857.0,4184.0
5736.0,480.0,923.0,3463.0,3857.0,4184.0
5737.0,358.0,480.0,923.0,1240.0,1431.0
5763.0,358.0,480.0,923.0,1240.0,1431.0
5787.0,358.0,480.0,923.0,1240.0,1431.0
5785.0,358.0,480.0,923.0,1240.0,1431.0
5799.0,358.0,480.0,923.0,1240.0,1431.0
5803.0,358.0,480.0,923.0,1240.0,1431.0
5815.0,358.0,480.0,923.0,1240.0,1431.0
5821.0,358.0,480.0,923.0,1240.0,1431.0
5834.0,358.0,480.0,923.0,1240.0,1431.0
5877.0,358.0,480.0,923.0,1240.0,1431.0
5879.0,358.0,480.0,923.0,1240.0,1431.0
5887.0,358.0,480.0,923.0,1240.0,1431.0
5904.0,358.0,480.0,923.0,1240.0,1431.0
5907.0,480.0,923.0,1549.0,1714.0,3857.0
5911.0,480.0,923.0,1549.0,1714.0,3933.0
5910.0,480.0,923.0,1549.0,1714.0,3933.0
5321.0,480.0,923.0,1549.0,1714.0,3933.0
5323.0,480.0,923.0,1549.0,1714.0,3933.0
5372.0,480.0,923.0,1549.0,1714.0,3933.0
5396.0,480.0,923.0,1549.0,1714.0,3933.0
5422.0,480.0,923.0,1549.0,1714.0,3933.0
5423.0,480.0,923.0,1549.0,1714.0,3933.0
5461.0,480.0,923.0,1549.0,1714.0,3933.0
5463.0,480.0,923.0,1549.0,1714.0,3933.0
5476.0,480.0,923.0,1549.0,1714.0,3933.0
5523.0,480.0,923.0,1549.0,1714.0,3933.0
5547.0,480.0,923.0,1549.0,1714.0,3933.0
5571.0,480.0,923.0,3463.0,3857.0,4184.0
5574.0,480.0,923.0,1549.0,1714.0,3857.0
5630.0,480.0,923.0,3857.0,4031.0,4184.0
5636.0,1549.0,1714.0,3857.0,4031.0,4261.0
5639.0,1549.0,1714.0,3857.0,4031.0,4261.0
5657.0,1549.0,1714.0,3857.0,4031.0,4261.0
5660.0,1549.0,1714.0,3857.0,4031.0,4261.0
5663.0,1549.0,1714.0,3857.0,4031.0,4261.0
5684.0,1549.0,1714.0,3857.0,4031.0,4261.0
5696.0,1549.0,1714.0,3857.0,4031.0,4261.0
5741.0,1549.0,1714.0,3857.0,4031.0,4261.0
5749.0,1549.0,1714.0,3857.0,4031.0,4261.0
5750.0,1549.0,1714.0,3857.0,4031.0,4261.0
5756.0,1549.0,1714.0,3857.0,4031.0,4261.0
5762.0,1549.0,1714.0,3857.0,4031.0,4261.0
5788.0,1549.0,1714.0,3857.0,4031.0,4261.0
5797.0,1553.0,3458.0,3857.0,3922.0,4031.0
5808.0,358.0,1240.0,1431.0,1549.0,1714.0
5812.0,358.0,1240.0,1431.0,1549.0,1714.0
5814.0,358.0,1240.0,1431.0,1549.0,1714.0
5866.0,358.0,1240.0,1431.0,1549.0,1714.0
5336.0,358.0,1240.0,1431.0,1549.0,1714.0
5376.0,358.0,1240.0,1431.0,1549.0,1714.0
5380.0,358.0,1240.0,1431.0,1549.0,1714.0
5400.0,358.0,1240.0,1431.0,1549.0,1714.0
5470.0,358.0,1240.0,1431.0,1549.0,1714.0
5502.0,358.0,1240.0,1431.0,1549.0,1714.0
5504.0,358.0,1240.0,1431.0,1549.0,1714.0
5518.0,358.0,1240.0,1431.0,1549.0,1714.0
5526.0,358.0,1240.0,1431.0,1549.0,1714.0
5529.0,1553.0,3458.0,3857.0,3922.0,4031.0
5531.0,358.0,480.0,923.0,1240.0,1431.0
5533.0,1553.0,3458.0,3857.0,3922.0,4031.0
5535.0,1549.0,1714.0,3752.0,3857.0,3927.0
5590.0,1549.0,1714.0,3752.0,3857.0,3927.0
5611.0,1549.0,1714.0,3752.0,3857.0,3927.0
5628.0,1549.0,1714.0,3752.0,3857.0,3927.0
5690.0,1549.0,1714.0,3752.0,3857.0,3927.0
5732.0,1549.0,1714.0,3752.0,3857.0,3927.0
5764.0,1549.0,1714.0,3752.0,3857.0,3927.0
5769.0,1549.0,1714.0,3752.0,3857.0,3927.0
5780.0,1549.0,1714.0,3752.0,3857.0,3927.0
5784.0,1549.0,1714.0,3752.0,3857.0,3927.0
5857.0,1549.0,1714.0,3752.0,3857.0,3927.0
5406.0,1549.0,1714.0,3752.0,3857.0,3927.0
5429.0,1549.0,1714.0,3752.0,3857.0,3927.0
5433.0,1553.0,3458.0,3752.0,3857.0,3922.0
5466.0,1549.0,1553.0,1714.0,3458.0,3857.0
5475.0,358.0,1240.0,1431.0,1549.0,1714.0
5513.0,358.0,1240.0,1431.0,1549.0,1714.0
5532.0,358.0,1240.0,1431.0,1549.0,1714.0
5561.0,358.0,1240.0,1431.0,1549.0,1714.0
5575.0,358.0,1240.0,1431.0,1549.0,1714.0
5595.0,358.0,1240.0,1431.0,1549.0,1714.0
5655.0,358.0,1240.0,1431.0,1549.0,1714.0
5683.0,358.0,1240.0,1431.0,1549.0,1714.0
5687.0,358.0,1240.0,1431.0,1549.0,1714.0
5689.0,358.0,1240.0,1431.0,1549.0,1714.0
5702.0,358.0,1240.0,1431.0,1549.0,1714.0
5713.0,358.0,1240.0,1431.0,1549.0,1714.0
5730.0,358.0,1240.0,1431.0,1549.0,1714.0
5747.0,358.0,480.0,923.0,1240.0,1431.0
5777.0,358.0,480.0,923.0,1240.0,1431.0
5828.0,358.0,480.0,923.0,1240.0,1431.0
5839.0,358.0,1240.0,1431.0,1549.0,1714.0
5850.0,358.0,1240.0,1431.0,1549.0,1714.0
5893.0,358.0,1240.0,1431.0,1549.0,1714.0
5325.0,358.0,1240.0,1431.0,1549.0,1714.0
5341.0,358.0,1240.0,1431.0,1549.0,1714.0
5334.0,358.0,1240.0,1431.0,1549.0,1714.0
5335.0,358.0,1240.0,1431.0,1549.0,1714.0
5361.0,358.0,1240.0,1431.0,1549.0,1714.0
5365.0,358.0,1240.0,1431.0,1549.0,1714.0
5366.0,358.0,1240.0,1431.0,1549.0,1714.0
5408.0,358.0,1240.0,1431.0,1549.0,1714.0
5448.0,358.0,1240.0,1431.0,1549.0,1714.0
5496.0,358.0,1240.0,1431.0,1549.0,1714.0
5524.0,1549.0,1553.0,1714.0,3458.0,3857.0
5525.0,1553.0,3458.0,3752.0,3857.0,3922.0
5530.0,1549.0,1714.0,3752.0,3857.0,3927.0
5541.0,1549.0,1714.0,3752.0,3857.0,3927.0
5554.0,1549.0,1714.0,3752.0,3857.0,3927.0
5556.0,1549.0,1714.0,3752.0,3857.0,3927.0
5577.0,1549.0,1714.0,3752.0,3857.0,3927.0
5581.0,1549.0,1714.0,3752.0,3857.0,3927.0
5592.0,1549.0,1714.0,3752.0,3857.0,3927.0
5651.0,1549.0,1714.0,3752.0,3857.0,3927.0
5685.0,1549.0,1714.0,3752.0,3857.0,3927.0
5686.0,1549.0,1714.0,3752.0,3857.0,3927.0
5718.0,1549.0,1714.0,3752.0,3857.0,3927.0
5751.0,1549.0,1714.0,3752.0,3857.0,3927.0
5776.0,1549.0,1714.0,3752.0,3857.0,3927.0
5786.0,1553.0,3458.0,3857.0,3922.0,4031.0
5835.0,1553.0,3458.0,3752.0,3857.0,3922.0
5880.0,1549.0,1553.0,1714.0,3458.0,3822.0
5331.0,1549.0,1553.0,1714.0,3458.0,3822.0
5324.0,1549.0,1553.0,1714.0,3458.0,3822.0
5343.0,1549.0,1553.0,1714.0,3458.0,3822.0
5345.0,1549.0,1553.0,1714.0,3458.0,3822.0
5358.0,1549.0,1553.0,1714.0,3458.0,3822.0
5360.0,1549.0,1553.0,1714.0,3458.0,3822.0
5364.0,1549.0,1553.0,1714.0,3458.0,3822.0
5369.0,1549.0,1553.0,1714.0,3458.0,3822.0
5424.0,1549.0,1553.0,1714.0,3458.0,3822.0
5446.0,1549.0,1553.0,1714.0,3458.0,3822.0
5465.0,1549.0,1553.0,1714.0,3458.0,3822.0
5499.0,1549.0,1553.0,1714.0,3458.0,3822.0
5505.0,908.0,1553.0,2003.0,3458.0,3771.0
5521.0,908.0,1549.0,1553.0,1714.0,2003.0
5528.0,1549.0,1553.0,1714.0,3458.0,3752.0
5580.0,1549.0,1553.0,1714.0,3458.0,3752.0
5583.0,1549.0,1553.0,1714.0,3458.0,3752.0
5614.0,1549.0,1553.0,1714.0,3458.0,3752.0
5644.0,1549.0,1553.0,1714.0,3458.0,3752.0
5664.0,1549.0,1553.0,1714.0,3458.0,3752.0
5668.0,1549.0,1553.0,1714.0,3458.0,3752.0
5733.0,1549.0,1553.0,1714.0,3458.0,3752.0
5767.0,1549.0,1553.0,1714.0,3458.0,3752.0
5782.0,1549.0,1553.0,1714.0,3458.0,3752.0
5795.0,1549.0,1553.0,1714.0,3458.0,3752.0
5811.0,1549.0,1553.0,1714.0,3458.0,3752.0
5853.0,1549.0,1553.0,1714.0,3458.0,3752.0
5854.0,1553.0,3458.0,3752.0,3857.0,3922.0
5865.0,1553.0,3458.0,3752.0,3857.0,3922.0
5888.0,1553.0,3458.0,3752.0,3857.0,3922.0
5340.0,1549.0,1553.0,1714.0,3458.0,3752.0
5352.0,1549.0,1553.0,1714.0,3458.0,3752.0
5353.0,1549.0,1553.0,1714.0,3458.0,3752.0
5378.0,1549.0,1553.0,1714.0,3458.0,3752.0
5386.0,1549.0,1553.0,1714.0,3458.0,3752.0
5425.0,1549.0,1553.0,1714.0,3458.0,3752.0
5442.0,1549.0,1553.0,1714.0,3458.0,3752.0
5459.0,1549.0,1553.0,1714.0,3458.0,3752.0
5473.0,1549.0,1553.0,1714.0,3458.0,3752.0
5503.0,1549.0,1553.0,1714.0,3458.0,3752.0
5510.0,1549.0,1553.0,1714.0,3458.0,3752.0
5589.0,1549.0,1553.0,1714.0,3458.0,3752.0
5640.0,1549.0,1553.0,1714.0,3458.0,3752.0
5645.0,908.0,1549.0,1553.0,1714.0,2003.0
5680.0,908.0,1553.0,2003.0,3458.0,3771.0
5701.0,1549.0,1553.0,1714.0,3458.0,3822.0
5707.0,1549.0,1553.0,1714.0,3458.0,3822.0
5709.0,1549.0,1553.0,1714.0,3458.0,3822.0
5717.0,1549.0,1553.0,1714.0,3458.0,3822.0
5728.0,1549.0,1553.0,1714.0,3458.0,3822.0
5745.0,1549.0,1553.0,1714.0,3458.0,3822.0
5791.0,1549.0,1553.0,1714.0,3458.0,3822.0
5817.0,1549.0,1553.0,1714.0,3458.0,3822.0
5824.0,1549.0,1553.0,1714.0,3458.0,3822.0
5829.0,1549.0,1553.0,1714.0,3458.0,3822.0
5830.0,1549.0,1553.0,1714.0,3458.0,3822.0
5841.0,1549.0,1553.0,1714.0,3458.0,3822.0
5892.0,480.0,908.0,923.0,1553.0,2003.0
5902.0,1553.0,3458.0,3752.0,3857.0,3922.0
5333.0,480.0,908.0,923.0,1553.0,2003.0
5379.0,1549.0,1553.0,1714.0,3458.0,3752.0
5382.0,1549.0,1553.0,1714.0,3458.0,3752.0
5388.0,1549.0,1553.0,1714.0,3458.0,3752.0
5432.0,1549.0,1553.0,1714.0,3458.0,3752.0
5447.0,1549.0,1553.0,1714.0,3458.0,3752.0
5454.0,1549.0,1553.0,1714.0,3458.0,3752.0
5457.0,1549.0,1553.0,1714.0,3458.0,3752.0
5458.0,1549.0,1553.0,1714.0,3458.0,3752.0
5462.0,1549.0,1553.0,1714.0,3458.0,3752.0
5478.0,1549.0,1553.0,1714.0,3458.0,3752.0
5486.0,1549.0,1553.0,1714.0,3458.0,3752.0
5506.0,1549.0,1553.0,1714.0,3458.0,3752.0
5527.0,1549.0,1553.0,1714.0,3458.0,3752.0
5604.0,480.0,908.0,923.0,1553.0,2003.0
5606.0,480.0,923.0,1549.0,1553.0,1714.0
5616.0,480.0,923.0,1549.0,1553.0,1714.0
5622.0,480.0,923.0,1549.0,1553.0,1714.0
5633.0,480.0,923.0,1549.0,1553.0,1714.0
5635.0,480.0,923.0,1549.0,1553.0,1714.0
5646.0,480.0,923.0,1549.0,1553.0,1714.0
5661.0,480.0,923.0,1549.0,1553.0,1714.0
5675.0,480.0,923.0,1549.0,1553.0,1714.0
5676.0,480.0,923.0,1549.0,1553.0,1714.0
5738.0,480.0,923.0,1549.0,1553.0,1714.0
5778.0,480.0,923.0,1549.0,1553.0,1714.0
5813.0,480.0,923.0,1549.0,1553.0,1714.0
5847.0,480.0,923.0,1549.0,1553.0,1714.0
5855.0,480.0,923.0,1553.0,3458.0,3857.0
5908.0,1549.0,1553.0,1714.0,3458.0,3857.0
5319.0,1553.0,3458.0,3857.0,3922.0,4031.0
5330.0,358.0,1240.0,1431.0,1549.0,1714.0
5342.0,358.0,1240.0,1431.0,1549.0,1714.0
5367.0,358.0,1240.0,1431.0,1549.0,1714.0
5393.0,358.0,1240.0,1431.0,1549.0,1714.0
5398.0,358.0,1240.0,1431.0,1549.0,1714.0
5445.0,358.0,1240.0,1431.0,1549.0,1714.0
5456.0,358.0,1240.0,1431.0,1549.0,1714.0
5494.0,358.0,1240.0,1431.0,1549.0,1714.0
5537.0,358.0,1240.0,1431.0,1549.0,1714.0
5557.0,358.0,1240.0,1431.0,1549.0,1714.0
5558.0,358.0,1240.0,1431.0,1549.0,1714.0
5570.0,358.0,1240.0,1431.0,1549.0,1714.0
5572.0,1549.0,1553.0,1714.0,3458.0,3857.0
5631.0,1553.0,3458.0,3752.0,3857.0,3922.0
5697.0,1549.0,1714.0,3752.0,3857.0,3927.0
5734.0,1549.0,1714.0,3752.0,3857.0,3927.0
5753.0,1549.0,1714.0,3752.0,3857.0,3927.0
5760.0,1549.0,1714.0,3752.0,3857.0,3927.0
5765.0,1549.0,1714.0,3752.0,3857.0,3927.0
5772.0,1549.0,1714.0,3752.0,3857.0,3927.0
5773.0,1549.0,1714.0,3752.0,3857.0,3927.0
5790.0,1549.0,1714.0,3752.0,3857.0,3927.0
5800.0,1549.0,1714.0,3752.0,3857.0,3927.0
5801.0,1549.0,1714.0,3752.0,3857.0,3927.0
5802.0,1549.0,1714.0,3752.0,3857.0,3927.0
5810.0,1549.0,1714.0,3752.0,3857.0,3927.0
5851.0,1549.0,1714.0,3752.0,3857.0,3927.0
5891.0,1553.0,3458.0,3752.0,3857.0,3922.0
5894.0,1553.0,3458.0,3857.0,3922.0,4031.0
5905.0,1549.0,1714.0,3752.0,3857.0,3927.0
5909.0,1549.0,1714.0,3752.0,3857.0,3927.0
5329.0,1549.0,1714.0,3752.0,3857.0,3927.0
5368.0,1549.0,1714.0,3752.0,3857.0,3927.0
5371.0,1549.0,1714.0,3752.0,3857.0,3927.0
5426.0,1549.0,1714.0,3752.0,3857.0,3927.0
5428.0,1549.0,1714.0,3752.0,3857.0,3927.0
5469.0,1549.0,1714.0,3752.0,3857.0,3927.0
5479.0,1549.0,1714.0,3752.0,3857.0,3927.0
5490.0,1549.0,1714.0,3752.0,3857.0,3927.0
5495.0,1549.0,1714.0,3752.0,3857.0,3927.0
5534.0,1549.0,1714.0,3752.0,3857.0,3927.0
5538.0,1549.0,1714.0,3752.0,3857.0,3927.0
5552.0,1553.0,3458.0,3752.0,3857.0,3922.0
5569.0,1549.0,1553.0,1714.0,3458.0,3857.0
5578.0,358.0,1240.0,1431.0,1549.0,1714.0
5588.0,358.0,1240.0,1431.0,1549.0,1714.0
5594.0,358.0,1240.0,1431.0,1549.0,1714.0
5625.0,358.0,1240.0,1431.0,1549.0,1714.0
5638.0,358.0,1240.0,1431.0,1549.0,1714.0
5641.0,358.0,1240.0,1431.0,1549.0,1714.0
5649.0,358.0,1240.0,1431.0,1549.0,1714.0
5673.0,358.0,1240.0,1431.0,1549.0,1714.0
5694.0,358.0,1240.0,1431.0,1549.0,1714.0
5695.0,358.0,1240.0,1431.0,1549.0,1714.0
5723.0,358.0,1240.0,1431.0,1549.0,1714.0
5724.0,358.0,1240.0,1431.0,1549.0,1714.0
5743.0,358.0,1240.0,1431.0,1549.0,1714.0
5774.0,358.0,480.0,923.0,1240.0,1431.0
5816.0,358.0,480.0,923.0,1240.0,1431.0
5833.0,358.0,480.0,923.0,1240.0,1431.0
5837.0,358.0,1240.0,1431.0,1549.0,1714.0
5332.0,358.0,1240.0,1431.0,1549.0,1714.0
5362.0,358.0,1240.0,1431.0,1549.0,1714.0
5337.0,358.0,1240.0,1431.0,1549.0,1714.0
5377.0,358.0,1240.0,1431.0,1549.0,1714.0
5391.0,358.0,1240.0,1431.0,1549.0,1714.0
5427.0,358.0,1240.0,1431.0,1549.0,1714.0
5430.0,358.0,1240.0,1431.0,1549.0,1714.0
5431.0,358.0,1240.0,1431.0,1549.0,1714.0
5439.0,358.0,1240.0,1431.0,1549.0,1714.0
5468.0,358.0,1240.0,1431.0,1549.0,1714.0
5498.0,358.0,1240.0,1431.0,1549.0,1714.0
5512.0,358.0,1240.0,1431.0,1549.0,1714.0
5540.0,1549.0,1553.0,1714.0,3458.0,3857.0
5553.0,1553.0,3458.0,3752.0,3857.0,3922.0
5582.0,1549.0,1714.0,3752.0,3857.0,3927.0
5621.0,1549.0,1714.0,3752.0,3857.0,3927.0
5647.0,1549.0,1714.0,3752.0,3857.0,3927.0
5667.0,1549.0,1714.0,3752.0,3857.0,3927.0
5672.0,1549.0,1714.0,3752.0,3857.0,3927.0
5691.0,1549.0,1714.0,3752.0,3857.0,3927.0
5688.0,1549.0,1714.0,3752.0,3857.0,3927.0
5692.0,1549.0,1714.0,3752.0,3857.0,3927.0
5693.0,1549.0,1714.0,3752.0,3857.0,3927.0
5700.0,1549.0,1714.0,3752.0,3857.0,3927.0
5719.0,1549.0,1714.0,3752.0,3857.0,3927.0
5721.0,1549.0,1714.0,3752.0,3857.0,3927.0
5752.0,1549.0,1714.0,3752.0,3857.0,3927.0
5758.0,1553.0,3458.0,3752.0,3857.0,3922.0
5775.0,1553.0,3458.0,3752.0,3857.0,3922.0
5804.0,1553.0,3458.0,3752.0,3857.0,3922.0
5820.0,1549.0,1714.0,3752.0,3857.0,3927.0
5871.0,1549.0,1714.0,3752.0,3857.0,3927.0
5903.0,1549.0,1714.0,3752.0,3857.0,3927.0
5385.0,1549.0,1714.0,3752.0,3857.0,3927.0
5516.0,1549.0,1714.0,3752.0,3857.0,3927.0
5542.0,1549.0,1714.0,3752.0,3857.0,3927.0
5634.0,1549.0,1714.0,3752.0,3857.0,3927.0
5662.0,1549.0,1714.0,3752.0,3857.0,3927.0
5682.0,1549.0,1714.0,3752.0,3857.0,3927.0
5731.0,1549.0,1714.0,3752.0,3857.0,3927.0
5739.0,1553.0,3458.0,3752.0,3857.0,3922.0
5746.0,1549.0,1553.0,1714.0,3458.0,3857.0
5754.0,358.0,1240.0,1431.0,1549.0,1714.0
5766.0,358.0,1240.0,1431.0,1549.0,1714.0
5770.0,358.0,1240.0,1431.0,1549.0,1714.0
5781.0,358.0,1240.0,1431.0,1549.0,1714.0
5783.0,358.0,1240.0,1431.0,1549.0,1714.0
5789.0,358.0,1240.0,1431.0,1549.0,1714.0
5805.0,358.0,1240.0,1431.0,1549.0,1714.0
5806.0,358.0,1240.0,1431.0,1549.0,1714.0
5843.0,358.0,1240.0,1431.0,1549.0,1714.0
5852.0,358.0,1240.0,1431.0,1549.0,1714.0
5876.0,358.0,1240.0,1431.0,1549.0,1714.0
5346.0,358.0,480.0,923.0,1240.0,1431.0
5397.0,358.0,480.0,923.0,1240.0,1431.0
5435.0,358.0,480.0,923.0,1240.0,1431.0
5453.0,358.0,1240.0,1431.0,1549.0,1714.0
5474.0,358.0,1240.0,1431.0,1549.0,1714.0
5497.0,358.0,1240.0,1431.0,1549.0,1714.0
5507.0,358.0,1240.0,1431.0,1549.0,1714.0
5508.0,358.0,1240.0,1431.0,1549.0,1714.0
5536.0,358.0,1240.0,1431.0,1549.0,1714.0
5549.0,358.0,1240.0,1431.0,1549.0,1714.0
5564.0,358.0,1240.0,1431.0,1549.0,1714.0
5585.0,358.0,1240.0,1431.0,1549.0,1714.0
5591.0,358.0,1240.0,1431.0,1549.0,1714.0
5613.0,358.0,1240.0,1431.0,1549.0,1714.0
5615.0,358.0,1240.0,1431.0,1549.0,1714.0
5619.0,358.0,1240.0,1431.0,1549.0,1714.0
5626.0,1549.0,1553.0,1714.0,3458.0,3857.0
5648.0,1553.0,3458.0,3752.0,3857.0,3922.0
5699.0,1549.0,1714.0,3752.0,3857.0,3927.0
5703.0,1549.0,1714.0,3752.0,3857.0,3927.0
5711.0,1549.0,1714.0,3752.0,3857.0,3927.0
5714.0,1549.0,1714.0,3752.0,3857.0,3927.0
5727.0,1549.0,1714.0,3752.0,3857.0,3927.0
5735.0,1549.0,1714.0,3752.0,3857.0,3927.0
5748.0,1549.0,1714.0,3752.0,3857.0,3927.0
5761.0,1549.0,1714.0,3752.0,3857.0,3927.0
5779.0,1549.0,1714.0,3752.0,3857.0,3927.0
5831.0,1549.0,1714.0,3752.0,3857.0,3927.0
5838.0,1549.0,1714.0,3752.0,3857.0,3927.0
5848.0,1549.0,1714.0,3752.0,3857.0,3927.0
5886.0,4015.0,1238.0,1294.0,1582.0,2748.0
223.0,128.0,439.0,1093.0,1710.0,2025.0
