_id,userId,beerId,score
608c644389781d36f453f1cc,607c142e02c21402f83e4d77,608c5f57354c0a8eb6eee7e2,3
608c644489781d36f453f1cd,607c142e02c21402f83e4d77,608c5f57354c0a8eb6eee7e2,4
608c646189781d36f453f1ce,607c142e02c21402f83e4d77,608c5f57354c0a8eb6eee7eb,5
608c646189781d36f453f1cf,607c142e02c21402f83e4d77,608c5f57354c0a8eb6eee7eb,4
608c64bc074d863d8435a6fe,607c142e02c21402f83e4d77,608c5f57354c0a8eb6eee7e3,4
608c64bd074d863d8435a6ff,607c142e02c21402f83e4d77,608c5f57354c0a8eb6eee7e3,3
608c64bd074d863d8435a700,607c142e02c21402f83e4d77,608c5f57354c0a8eb6eee7e3,2
608c64d66501f52b34a48fb4,607c142e02c21402f83e4d77,608c5f57354c0a8eb6eee7e3,2
608c64d66501f52b34a48fb5,607c142e02c21402f83e4d77,608c5f57354c0a8eb6eee7e3,3
608c64d66501f52b34a48fb6,607c142e02c21402f83e4d77,608c5f57354c0a8eb6eee7e3,2
608c64de6501f52b34a48fb7,607c142e02c21402f83e4d77,608c5f57354c0a8eb6eee7e4,2
608c64de6501f52b34a48fb8,607c142e02c21402f83e4d77,608c5f57354c0a8eb6eee7e4,3
608c64de6501f52b34a48fb9,607c142e02c21402f83e4d77,608c5f57354c0a8eb6eee7e4,4
608c64df6501f52b34a48fba,607c142e02c21402f83e4d77,608c5f57354c0a8eb6eee7e4,3
608c64df6501f52b34a48fbb,607c142e02c21402f83e4d77,608c5f57354c0a8eb6eee7e4,2
608c64e46501f52b34a48fbc,607c142e02c21402f83e4d77,608c5f57354c0a8eb6eee7e9,5
608c64e56501f52b34a48fbd,607c142e02c21402f83e4d77,608c5f57354c0a8eb6eee7e9,3
608c64e56501f52b34a48fbe,607c142e02c21402f83e4d77,608c5f57354c0a8eb6eee7e9,4
608c64e56501f52b34a48fbf,607c142e02c21402f83e4d77,608c5f57354c0a8eb6eee7e9,2
608c64e66501f52b34a48fc0,607c142e02c21402f83e4d77,608c5f57354c0a8eb6eee7e9,3
608c64ea6501f52b34a48fc1,607c142e02c21402f83e4d77,608c5f57354c0a8eb6eee7e8,2
608c64eb6501f52b34a48fc2,607c142e02c21402f83e4d77,608c5f57354c0a8eb6eee7e8,4
608c64eb6501f52b34a48fc3,607c142e02c21402f83e4d77,608c5f57354c0a8eb6eee7e8,3
608c64eb6501f52b34a48fc4,607c142e02c21402f83e4d77,608c5f57354c0a8eb6eee7e8,5
608c64ec6501f52b34a48fc5,607c142e02c21402f83e4d77,608c5f57354c0a8eb6eee7e8,2
608c64ec6501f52b34a48fc6,607c142e02c21402f83e4d77,608c5f57354c0a8eb6eee7e8,1
608c64f06501f52b34a48fc7,607c142e02c21402f83e4d77,608c5f57354c0a8eb6eee7ea,4
608c64f06501f52b34a48fc8,607c142e02c21402f83e4d77,608c5f57354c0a8eb6eee7ea,3
608c64f16501f52b34a48fc9,607c142e02c21402f83e4d77,608c5f57354c0a8eb6eee7ea,5
608c64f16501f52b34a48fca,607c142e02c21402f83e4d77,608c5f57354c0a8eb6eee7ea,2
608c64f56501f52b34a48fcb,607c142e02c21402f83e4d77,608c5f57354c0a8eb6eee7e6,3
608c64f66501f52b34a48fcc,607c142e02c21402f83e4d77,608c5f57354c0a8eb6eee7e6,2
608c64f66501f52b34a48fcd,607c142e02c21402f83e4d77,608c5f57354c0a8eb6eee7e6,5
608c64f76501f52b34a48fce,607c142e02c21402f83e4d77,608c5f57354c0a8eb6eee7e6,4
608c64f76501f52b34a48fcf,607c142e02c21402f83e4d77,608c5f57354c0a8eb6eee7e6,3
608c64fa6501f52b34a48fd0,607c142e02c21402f83e4d77,608c5f57354c0a8eb6eee7e7,3
608c64fb6501f52b34a48fd1,607c142e02c21402f83e4d77,608c5f57354c0a8eb6eee7e7,4
608c64fb6501f52b34a48fd2,607c142e02c21402f83e4d77,608c5f57354c0a8eb6eee7e7,3
608c64fb6501f52b34a48fd3,607c142e02c21402f83e4d77,608c5f57354c0a8eb6eee7e7,2
608c64ff6501f52b34a48fd4,607c142e02c21402f83e4d77,608c5f57354c0a8eb6eee7e5,5
608c64ff6501f52b34a48fd5,607c142e02c21402f83e4d77,608c5f57354c0a8eb6eee7e5,4
608c64ff6501f52b34a48fd6,607c142e02c21402f83e4d77,608c5f57354c0a8eb6eee7e5,3
608c64ff6501f52b34a48fd7,607c142e02c21402f83e4d77,608c5f57354c0a8eb6eee7e5,4
608d2f50ba569125f4cb9bf6,607c142e02c21402f83e4d77,608c5f57354c0a8eb6eee7f6,3
608d2f51ba569125f4cb9bf7,607c142e02c21402f83e4d77,608c5f57354c0a8eb6eee7f6,2
608d2f52ba569125f4cb9bf8,607c142e02c21402f83e4d77,608c5f57354c0a8eb6eee7f6,4
608d2f55ba569125f4cb9bf9,607c142e02c21402f83e4d77,608c5f57354c0a8eb6eee80d,5
608d2f56ba569125f4cb9bfa,607c142e02c21402f83e4d77,608c5f57354c0a8eb6eee80d,3
608d2f58ba569125f4cb9bfb,607c142e02c21402f83e4d77,608c5f57354c0a8eb6eee80d,3
608d2f5aba569125f4cb9bfc,607c142e02c21402f83e4d77,608c5f57354c0a8eb6eee82f,2
608d2f5bba569125f4cb9bfd,607c142e02c21402f83e4d77,608c5f57354c0a8eb6eee82f,4
608d2f5cba569125f4cb9bfe,607c142e02c21402f83e4d77,608c5f57354c0a8eb6eee82f,3
608d2f5cba569125f4cb9bff,607c142e02c21402f83e4d77,608c5f57354c0a8eb6eee82f,5
608d2f70ba569125f4cb9c00,607c142e02c21402f83e4d77,608c5f57354c0a8eb6eee833,2
608d2f71ba569125f4cb9c01,607c142e02c21402f83e4d77,608c5f57354c0a8eb6eee833,3
608d2f71ba569125f4cb9c02,607c142e02c21402f83e4d77,608c5f57354c0a8eb6eee833,4
608d2f77ba569125f4cb9c03,607c142e02c21402f83e4d77,608c5f57354c0a8eb6eee7fd,5
608d2f78ba569125f4cb9c04,607c142e02c21402f83e4d77,608c5f57354c0a8eb6eee7fd,4
608d2f80ba569125f4cb9c08,607c142e02c21402f83e4d77,608c5f57354c0a8eb6eee80f,3
608d2f80ba569125f4cb9c09,607c142e02c21402f83e4d77,608c5f57354c0a8eb6eee80f,5
608d2f81ba569125f4cb9c0a,607c142e02c21402f83e4d77,608c5f57354c0a8eb6eee80f,4
608d2f81ba569125f4cb9c0b,607c142e02c21402f83e4d77,608c5f57354c0a8eb6eee80f,5
608d2f84ba569125f4cb9c0c,607c142e02c21402f83e4d77,608c5f57354c0a8eb6eee841,2
608d2f85ba569125f4cb9c0d,607c142e02c21402f83e4d77,608c5f57354c0a8eb6eee841,5
608d2f86ba569125f4cb9c0e,607c142e02c21402f83e4d77,608c5f57354c0a8eb6eee841,4
608d2f86ba569125f4cb9c0f,607c142e02c21402f83e4d77,608c5f57354c0a8eb6eee841,4
608d2f89ba569125f4cb9c10,607c142e02c21402f83e4d77,608c5f57354c0a8eb6eee84f,3
608d2f8aba569125f4cb9c11,607c142e02c21402f83e4d77,608c5f57354c0a8eb6eee84f,5
608d2f8aba569125f4cb9c12,607c142e02c21402f83e4d77,608c5f57354c0a8eb6eee84f,5
608d2f8bba569125f4cb9c13,607c142e02c21402f83e4d77,608c5f57354c0a8eb6eee84f,5
608d5e7a5d2d8533b836d1ec,607c142e02c21402f83e4d77,608c5f57354c0a8eb6eee852,2
608d5e7b5d2d8533b836d1ed,607c142e02c21402f83e4d77,608c5f57354c0a8eb6eee852,3
608d5e7b5d2d8533b836d1ee,607c142e02c21402f83e4d77,608c5f57354c0a8eb6eee852,4
608d5e7c5d2d8533b836d1ef,607c142e02c21402f83e4d77,608c5f57354c0a8eb6eee852,2
608d5ea25d2d8533b836d1f0,607c142e02c21402f83e4d77,608c5f57354c0a8eb6eee933,1
608d5ea25d2d8533b836d1f1,607c142e02c21402f83e4d77,608c5f57354c0a8eb6eee933,2
608d5ea25d2d8533b836d1f2,607c142e02c21402f83e4d77,608c5f57354c0a8eb6eee933,3
608d5ea85d2d8533b836d1f3,607c142e02c21402f83e4d77,608c5f57354c0a8eb6eee852,5
608d5ea95d2d8533b836d1f4,607c142e02c21402f83e4d77,608c5f57354c0a8eb6eee852,4
608d5ea95d2d8533b836d1f5,607c142e02c21402f83e4d77,608c5f57354c0a8eb6eee852,3
608d5eae5d2d8533b836d1f6,607c142e02c21402f83e4d77,608c5f57354c0a8eb6eee8f9,2
608d5eaf5d2d8533b836d1f7,607c142e02c21402f83e4d77,608c5f57354c0a8eb6eee8f9,1
608d5eaf5d2d8533b836d1f8,607c142e02c21402f83e4d77,608c5f57354c0a8eb6eee8f9,3
608d5eb75d2d8533b836d1f9,607c142e02c21402f83e4d77,608c5f57354c0a8eb6eee985,2
608d5eb75d2d8533b836d1fa,607c142e02c21402f83e4d77,608c5f57354c0a8eb6eee985,3
608d5eb85d2d8533b836d1fb,607c142e02c21402f83e4d77,608c5f57354c0a8eb6eee985,4
608d5eba5d2d8533b836d1fc,607c142e02c21402f83e4d77,608c5f57354c0a8eb6eee929,4
608d5ebb5d2d8533b836d1fd,607c142e02c21402f83e4d77,608c5f57354c0a8eb6eee929,3
608d5ebb5d2d8533b836d1fe,607c142e02c21402f83e4d77,608c5f57354c0a8eb6eee929,2
608d657f4465210a80b7f20a,607c142e02c21402f83e4d77,608c5f57354c0a8eb6eee858,2
608d657f4465210a80b7f20b,607c142e02c21402f83e4d77,608c5f57354c0a8eb6eee858,1
608d65804465210a80b7f20c,607c142e02c21402f83e4d77,608c5f57354c0a8eb6eee858,2
608d65e659631d331c2e54bd,607c142e02c21402f83e4d77,608d5bc190ea3bde5380e17b,5
608d65e659631d331c2e54be,607c142e02c21402f83e4d77,608d5bc190ea3bde5380e17b,5
608d65e659631d331c2e54bf,607c142e02c21402f83e4d77,608d5bc190ea3bde5380e17b,5
608d65e759631d331c2e54c0,607c142e02c21402f83e4d77,608d5bc190ea3bde5380e17b,5
608d65e759631d331c2e54c1,607c142e02c21402f83e4d77,608d5bc190ea3bde5380e17b,5
608d65e759631d331c2e54c2,607c142e02c21402f83e4d77,608d5bc190ea3bde5380e17b,5
608d65e759631d331c2e54c3,607c142e02c21402f83e4d77,608d5bc190ea3bde5380e17b,5
608d65e859631d331c2e54c4,607c142e02c21402f83e4d77,608d5bc190ea3bde5380e17b,5
608d65e859631d331c2e54c5,607c142e02c21402f83e4d77,608d5bc190ea3bde5380e17b,5
608d65e859631d331c2e54c6,607c142e02c21402f83e4d77,608d5bc190ea3bde5380e17b,5
608d65e959631d331c2e54c7,607c142e02c21402f83e4d77,608d5bc190ea3bde5380e17b,5
60916287c07b4c13804f0869,607c142e02c21402f83e4d77,608c5f57354c0a8eb6eee947,2
60916288c07b4c13804f086a,607c142e02c21402f83e4d77,608c5f57354c0a8eb6eee947,3
60916288c07b4c13804f086b,607c142e02c21402f83e4d77,608c5f57354c0a8eb6eee947,2
6091628bc07b4c13804f086c,607c142e02c21402f83e4d77,608c5f57354c0a8eb6eee8c1,1
6091628cc07b4c13804f086d,607c142e02c21402f83e4d77,608c5f57354c0a8eb6eee8c1,2
6091628dc07b4c13804f086e,607c142e02c21402f83e4d77,608c5f57354c0a8eb6eee8c1,5
6091628dc07b4c13804f086f,607c142e02c21402f83e4d77,608c5f57354c0a8eb6eee8c1,5
6091628ec07b4c13804f0870,607c142e02c21402f83e4d77,608c5f57354c0a8eb6eee8c1,5
6091628ec07b4c13804f0871,607c142e02c21402f83e4d77,608c5f57354c0a8eb6eee8c1,5
6091628ec07b4c13804f0872,607c142e02c21402f83e4d77,608c5f57354c0a8eb6eee8c1,5
60916292c07b4c13804f0873,607c142e02c21402f83e4d77,608c5f57354c0a8eb6eee8c1,5
60916292c07b4c13804f0874,607c142e02c21402f83e4d77,608c5f57354c0a8eb6eee8c1,5
60916292c07b4c13804f0875,607c142e02c21402f83e4d77,608c5f57354c0a8eb6eee8c1,5
60916292c07b4c13804f0876,607c142e02c21402f83e4d77,608c5f57354c0a8eb6eee8c1,5
60916293c07b4c13804f0877,607c142e02c21402f83e4d77,608c5f57354c0a8eb6eee8c1,5
60916297c07b4c13804f0878,607c142e02c21402f83e4d77,608c5f57354c0a8eb6eee8c1,5
60916298c07b4c13804f0879,607c142e02c21402f83e4d77,608c5f57354c0a8eb6eee8c1,5
6091629cc07b4c13804f087a,607c142e02c21402f83e4d77,608c5f57354c0a8eb6eee8c1,5
6091629fc07b4c13804f087b,607c142e02c21402f83e4d77,608c5f57354c0a8eb6eee8c1,5
609162a4c07b4c13804f087c,607c142e02c21402f83e4d77,608c5f57354c0a8eb6eee8f3,2
609162a5c07b4c13804f087d,607c142e02c21402f83e4d77,608c5f57354c0a8eb6eee8f3,1
609162a6c07b4c13804f087e,607c142e02c21402f83e4d77,608c5f57354c0a8eb6eee8f3,3
609162a7c07b4c13804f087f,607c142e02c21402f83e4d77,608c5f57354c0a8eb6eee8f3,3
609162a8c07b4c13804f0880,607c142e02c21402f83e4d77,608c5f57354c0a8eb6eee8f3,2
609162acc07b4c13804f0881,607c142e02c21402f83e4d77,608c5f57354c0a8eb6eee8cf,3
609162adc07b4c13804f0882,607c142e02c21402f83e4d77,608c5f57354c0a8eb6eee8cf,4
609162aec07b4c13804f0883,607c142e02c21402f83e4d77,608c5f57354c0a8eb6eee8cf,4
609162afc07b4c13804f0884,607c142e02c21402f83e4d77,608c5f57354c0a8eb6eee8cf,4
609162b5c07b4c13804f0885,607c142e02c21402f83e4d77,608c5f57354c0a8eb6eee903,4
609162b7c07b4c13804f0886,607c142e02c21402f83e4d77,608c5f57354c0a8eb6eee903,5
609162b8c07b4c13804f0887,607c142e02c21402f83e4d77,608c5f57354c0a8eb6eee903,3
609162b9c07b4c13804f0888,607c142e02c21402f83e4d77,608c5f57354c0a8eb6eee903,4
609162bdc07b4c13804f0889,607c142e02c21402f83e4d77,608c5f57354c0a8eb6eee8d7,4
609162bec07b4c13804f088a,607c142e02c21402f83e4d77,608c5f57354c0a8eb6eee8d7,4
609162bfc07b4c13804f088b,607c142e02c21402f83e4d77,608c5f57354c0a8eb6eee8d7,4
609162c3c07b4c13804f088c,607c142e02c21402f83e4d77,608c5f57354c0a8eb6eee8ff,4
609162c3c07b4c13804f088d,607c142e02c21402f83e4d77,608c5f57354c0a8eb6eee8ff,3
609162c4c07b4c13804f088e,607c142e02c21402f83e4d77,608c5f57354c0a8eb6eee8ff,4
609162c9c07b4c13804f088f,607c142e02c21402f83e4d77,608c5f57354c0a8eb6eee8f8,5
609162cac07b4c13804f0890,607c142e02c21402f83e4d77,608c5f57354c0a8eb6eee8f8,3
609162cbc07b4c13804f0891,607c142e02c21402f83e4d77,608c5f57354c0a8eb6eee8f8,4
609162cfc07b4c13804f0892,607c142e02c21402f83e4d77,608c5f57354c0a8eb6eee8c1,5
609162d4c07b4c13804f0893,607c142e02c21402f83e4d77,608c5f57354c0a8eb6eee8c1,5
609162d5c07b4c13804f0894,607c142e02c21402f83e4d77,608c5f57354c0a8eb6eee8c1,5
609162dbc07b4c13804f0895,607c142e02c21402f83e4d77,608c5f57354c0a8eb6eee841,5
609162e2c07b4c13804f0896,607c142e02c21402f83e4d77,608c5f57354c0a8eb6eee833,5
609162e3c07b4c13804f0897,607c142e02c21402f83e4d77,608c5f57354c0a8eb6eee833,5
609162eac07b4c13804f0898,607c142e02c21402f83e4d77,608c5f57354c0a8eb6eee852,5
609162ecc07b4c13804f0899,607c142e02c21402f83e4d77,608c5f57354c0a8eb6eee852,5
609162eec07b4c13804f089a,607c142e02c21402f83e4d77,608c5f57354c0a8eb6eee852,5
609162f0c07b4c13804f089b,607c142e02c21402f83e4d77,608c5f57354c0a8eb6eee852,5
609162f2c07b4c13804f089c,607c142e02c21402f83e4d77,608c5f57354c0a8eb6eee852,5
609162f8c07b4c13804f089d,607c142e02c21402f83e4d77,608c5f57354c0a8eb6eee80f,5
609162ffc07b4c13804f089e,607c142e02c21402f83e4d77,608c5f57354c0a8eb6eee82f,5
60916300c07b4c13804f089f,607c142e02c21402f83e4d77,608c5f57354c0a8eb6eee82f,5
60916302c07b4c13804f08a0,607c142e02c21402f83e4d77,608c5f57354c0a8eb6eee82f,5
60916312c07b4c13804f08a1,607c142e02c21402f83e4d77,608c5f57354c0a8eb6eee80d,5
60916313c07b4c13804f08a2,607c142e02c21402f83e4d77,608c5f57354c0a8eb6eee80d,5
60916314c07b4c13804f08a3,607c142e02c21402f83e4d77,608c5f57354c0a8eb6eee80d,5
60916316c07b4c13804f08a4,607c142e02c21402f83e4d77,608c5f57354c0a8eb6eee80d,5
60916317c07b4c13804f08a5,607c142e02c21402f83e4d77,608c5f57354c0a8eb6eee80d,5
6091631ac07b4c13804f08a6,607c142e02c21402f83e4d77,608c5f57354c0a8eb6eee80d,5
6091631bc07b4c13804f08a7,607c142e02c21402f83e4d77,608c5f57354c0a8eb6eee80d,5
6091631ec07b4c13804f08a8,607c142e02c21402f83e4d77,608c5f57354c0a8eb6eee80d,5
60916324c07b4c13804f08a9,607c142e02c21402f83e4d77,608c5f57354c0a8eb6eee80d,5
6091632ec07b4c13804f08aa,607c142e02c21402f83e4d77,608c5f57354c0a8eb6eee7eb,2
60916333c07b4c13804f08ab,607c142e02c21402f83e4d77,608c5f57354c0a8eb6eee7fd,2
60916337c07b4c13804f08ac,607c142e02c21402f83e4d77,608c5f57354c0a8eb6eee84f,2
6091633ec07b4c13804f08ad,607c142e02c21402f83e4d77,608c5f57354c0a8eb6eee852,5
6091633fc07b4c13804f08ae,607c142e02c21402f83e4d77,608c5f57354c0a8eb6eee852,5
6096c367512dc14d4094f6df,60748c8b3629f733f868ecd2,608c5f57354c0a8eb6eee80d,2
6096c36d512dc14d4094f6e0,60748c8b3629f733f868ecd2,608c5f57354c0a8eb6eee8c1,3
6096c371512dc14d4094f6e1,60748c8b3629f733f868ecd2,608c5f57354c0a8eb6eee805,4
6096c373512dc14d4094f6e2,60748c8b3629f733f868ecd2,608c5f57354c0a8eb6eee890,5
6096c376512dc14d4094f6e3,60748c8b3629f733f868ecd2,608c5f57354c0a8eb6eee9b2,4
6096c379512dc14d4094f6e4,60748c8b3629f733f868ecd2,608c5f57354c0a8eb6eee81f,3
6096c37b512dc14d4094f6e5,60748c8b3629f733f868ecd2,608c5f57354c0a8eb6eee97f,5
6096c37d512dc14d4094f6e6,60748c8b3629f733f868ecd2,608c5f57354c0a8eb6eee8e3,5
6096c37f512dc14d4094f6e7,60748c8b3629f733f868ecd2,608c5f57354c0a8eb6eee967,4
6096c381512dc14d4094f6e8,60748c8b3629f733f868ecd2,608c5f57354c0a8eb6eee890,3
6096c384512dc14d4094f6e9,60748c8b3629f733f868ecd2,608c5f57354c0a8eb6eee8d9,5
6096c387512dc14d4094f6ea,60748c8b3629f733f868ecd2,608c5f57354c0a8eb6eee81f,5
6096c38a512dc14d4094f6eb,60748c8b3629f733f868ecd2,608c5f57354c0a8eb6eee84f,4
6096c38d512dc14d4094f6ec,60748c8b3629f733f868ecd2,608c5f57354c0a8eb6eee8d9,3
6096c395512dc14d4094f6ed,60748c8b3629f733f868ecd2,608c5f57354c0a8eb6eee8f3,2
6096c397512dc14d4094f6ee,60748c8b3629f733f868ecd2,608c5f57354c0a8eb6eee8ff,4
6096c399512dc14d4094f6ef,60748c8b3629f733f868ecd2,608c5f57354c0a8eb6eee7e5,5
6096c39c512dc14d4094f6f0,60748c8b3629f733f868ecd2,608c5f57354c0a8eb6eee927,5
6096c3a2512dc14d4094f6f1,60748c8b3629f733f868ecd2,608c5f57354c0a8eb6eee910,5
6096c3a5512dc14d4094f6f2,60748c8b3629f733f868ecd2,608c5f57354c0a8eb6eee90f,4
6096c3a8512dc14d4094f6f3,60748c8b3629f733f868ecd2,608c5f57354c0a8eb6eee972,4
6096c3ad512dc14d4094f6f4,60748c8b3629f733f868ecd2,608c5f57354c0a8eb6eee956,5
6096c3b1512dc14d4094f6f5,60748c8b3629f733f868ecd2,608c5f57354c0a8eb6eee8b3,4
6096c3b4512dc14d4094f6f6,60748c8b3629f733f868ecd2,608c5f57354c0a8eb6eee956,3
6096c3b7512dc14d4094f6f7,60748c8b3629f733f868ecd2,608c5f57354c0a8eb6eee8d7,5
6096c3ba512dc14d4094f6f8,60748c8b3629f733f868ecd2,608c5f57354c0a8eb6eee910,4
6096c3c4512dc14d4094f6f9,60748c8b3629f733f868ecd2,608c5f57354c0a8eb6eee858,3
6096c3c8512dc14d4094f6fa,60748c8b3629f733f868ecd2,608c5f57354c0a8eb6eee94a,5
6096c3cc512dc14d4094f6fb,60748c8b3629f733f868ecd2,608c5f57354c0a8eb6eee844,4
6096c3ce512dc14d4094f6fc,60748c8b3629f733f868ecd2,608c5f57354c0a8eb6eee816,5
6096c3d1512dc14d4094f6fd,60748c8b3629f733f868ecd2,608c5f57354c0a8eb6eee903,5
6096c3d4512dc14d4094f6fe,60748c8b3629f733f868ecd2,608c5f57354c0a8eb6eee92d,5
6096c457512dc14d4094f6ff,6074913f38d93d308cbf9815,608c5f57354c0a8eb6eee841,5
6096c459512dc14d4094f700,6074913f38d93d308cbf9815,608c5f57354c0a8eb6eee852,5
6096c45b512dc14d4094f701,6074913f38d93d308cbf9815,608c5f57354c0a8eb6eee8be,4
6096c45d512dc14d4094f702,6074913f38d93d308cbf9815,608c5f57354c0a8eb6eee974,5
6096c461512dc14d4094f703,6074913f38d93d308cbf9815,608c5f57354c0a8eb6eee8e0,5
6096c463512dc14d4094f704,6074913f38d93d308cbf9815,608c5f57354c0a8eb6eee8b2,5
6096c465512dc14d4094f705,6074913f38d93d308cbf9815,608c5f57354c0a8eb6eee929,5
6096c467512dc14d4094f706,6074913f38d93d308cbf9815,608c5f57354c0a8eb6eee985,5
6096c46a512dc14d4094f707,6074913f38d93d308cbf9815,608c5f57354c0a8eb6eee8f9,5
6096c46c512dc14d4094f708,6074913f38d93d308cbf9815,608c5f57354c0a8eb6eee7ee,5
6096c46e512dc14d4094f709,6074913f38d93d308cbf9815,608c5f57354c0a8eb6eee8e0,4
6096c477512dc14d4094f70a,6074913f38d93d308cbf9815,608c5f57354c0a8eb6eee80d,4
6096c47a512dc14d4094f70b,6074913f38d93d308cbf9815,608c5f57354c0a8eb6eee80f,3
6096c47d512dc14d4094f70c,6074913f38d93d308cbf9815,608c5f57354c0a8eb6eee82f,5
6096c47f512dc14d4094f70d,6074913f38d93d308cbf9815,608c5f57354c0a8eb6eee8f8,4
6096c482512dc14d4094f70e,6074913f38d93d308cbf9815,608c5f57354c0a8eb6eee833,4
6096c485512dc14d4094f70f,6074913f38d93d308cbf9815,608c5f57354c0a8eb6eee8cf,4
6096c487512dc14d4094f710,6074913f38d93d308cbf9815,608c5f57354c0a8eb6eee7f6,5
6096c489512dc14d4094f711,6074913f38d93d308cbf9815,608c5f57354c0a8eb6eee7fd,3
6096c48c512dc14d4094f712,6074913f38d93d308cbf9815,608c5f57354c0a8eb6eee7eb,5
6096c48f512dc14d4094f713,6074913f38d93d308cbf9815,608c5f57354c0a8eb6eee933,5
6096c492512dc14d4094f714,6074913f38d93d308cbf9815,608c5f57354c0a8eb6eee7f6,5
6096c49c512dc14d4094f715,6074913f38d93d308cbf9815,608c5f57354c0a8eb6eee7fd,1
6096c49d512dc14d4094f716,6074913f38d93d308cbf9815,608c5f57354c0a8eb6eee7fd,1
6096c49d512dc14d4094f717,6074913f38d93d308cbf9815,608c5f57354c0a8eb6eee7fd,1
6096c49e512dc14d4094f718,6074913f38d93d308cbf9815,608c5f57354c0a8eb6eee7fd,1
6096c4a3512dc14d4094f719,6074913f38d93d308cbf9815,608c5f57354c0a8eb6eee7fd,1
6096c4a9512dc14d4094f71a,6074913f38d93d308cbf9815,608c5f57354c0a8eb6eee8ff,3
6096c4ae512dc14d4094f71b,6074913f38d93d308cbf9815,608c5f57354c0a8eb6eee8ff,2
6096c4bb512dc14d4094f71c,6074913f38d93d308cbf9815,608c5f57354c0a8eb6eee927,5
6096c4be512dc14d4094f71d,6074913f38d93d308cbf9815,608c5f57354c0a8eb6eee8b3,2
6096c4c1512dc14d4094f71e,6074913f38d93d308cbf9815,608c5f57354c0a8eb6eee7e5,1
6096c4c9512dc14d4094f71f,6074913f38d93d308cbf9815,608c5f57354c0a8eb6eee910,5
6096c4cd512dc14d4094f720,6074913f38d93d308cbf9815,608c5f57354c0a8eb6eee8b3,4
6096c4f7512dc14d4094f721,607491bc74c4903fd80f1141,608c5f57354c0a8eb6eee8c1,4
6096c4fa512dc14d4094f722,607491bc74c4903fd80f1141,608c5f57354c0a8eb6eee84f,5
6096c4fc512dc14d4094f723,607491bc74c4903fd80f1141,608c5f57354c0a8eb6eee805,5
6096c4fe512dc14d4094f724,607491bc74c4903fd80f1141,608c5f57354c0a8eb6eee8d9,4
6096c500512dc14d4094f725,607491bc74c4903fd80f1141,608c5f57354c0a8eb6eee8e3,4
6096c502512dc14d4094f726,607491bc74c4903fd80f1141,608c5f57354c0a8eb6eee967,5
6096c503512dc14d4094f727,607491bc74c4903fd80f1141,608c5f57354c0a8eb6eee81f,5
6096c506512dc14d4094f728,607491bc74c4903fd80f1141,608c5f57354c0a8eb6eee890,5
6096c50a512dc14d4094f729,607491bc74c4903fd80f1141,608c5f57354c0a8eb6eee97f,5
6096c515512dc14d4094f72a,607491bc74c4903fd80f1141,608c5f57354c0a8eb6eee82f,4
6096c518512dc14d4094f72b,607491bc74c4903fd80f1141,608c5f57354c0a8eb6eee7eb,4
6096c51a512dc14d4094f72c,607491bc74c4903fd80f1141,608c5f57354c0a8eb6eee7f6,5
6096c51d512dc14d4094f72d,607491bc74c4903fd80f1141,608c5f57354c0a8eb6eee7fd,1
6096c521512dc14d4094f72e,607491bc74c4903fd80f1141,608c5f57354c0a8eb6eee80d,4
6096c524512dc14d4094f72f,607491bc74c4903fd80f1141,608c5f57354c0a8eb6eee80f,2
6096c527512dc14d4094f730,607491bc74c4903fd80f1141,608c5f57354c0a8eb6eee82f,5
6096c529512dc14d4094f731,607491bc74c4903fd80f1141,608c5f57354c0a8eb6eee8f8,4
6096c52b512dc14d4094f732,607491bc74c4903fd80f1141,608c5f57354c0a8eb6eee8cf,5
6096c52d512dc14d4094f733,607491bc74c4903fd80f1141,608c5f57354c0a8eb6eee833,4
6096c530512dc14d4094f734,607491bc74c4903fd80f1141,608c5f57354c0a8eb6eee933,3
6096c536512dc14d4094f735,607491bc74c4903fd80f1141,608c5f57354c0a8eb6eee852,5
6096c538512dc14d4094f736,607491bc74c4903fd80f1141,608c5f57354c0a8eb6eee841,5
6096c53b512dc14d4094f737,607491bc74c4903fd80f1141,608c5f57354c0a8eb6eee929,5
6096c53d512dc14d4094f738,607491bc74c4903fd80f1141,608c5f57354c0a8eb6eee8be,4
6096c53f512dc14d4094f739,607491bc74c4903fd80f1141,608c5f57354c0a8eb6eee985,5
6096c541512dc14d4094f73a,607491bc74c4903fd80f1141,608c5f57354c0a8eb6eee7ee,4
6096c543512dc14d4094f73b,607491bc74c4903fd80f1141,608c5f57354c0a8eb6eee8e0,3
6096c545512dc14d4094f73c,607491bc74c4903fd80f1141,608c5f57354c0a8eb6eee985,5
6096c549512dc14d4094f73d,607491bc74c4903fd80f1141,608c5f57354c0a8eb6eee8be,5
6096c54b512dc14d4094f73e,607491bc74c4903fd80f1141,608c5f57354c0a8eb6eee8f9,5
6096c54e512dc14d4094f73f,607491bc74c4903fd80f1141,608c5f57354c0a8eb6eee974,4
6096c551512dc14d4094f740,607491bc74c4903fd80f1141,608c5f57354c0a8eb6eee8e0,5
6096c554512dc14d4094f741,607491bc74c4903fd80f1141,608c5f57354c0a8eb6eee8b2,3
6096c55d512dc14d4094f742,607491bc74c4903fd80f1141,608c5f57354c0a8eb6eee947,5
6096c55f512dc14d4094f743,607491bc74c4903fd80f1141,608c5f57354c0a8eb6eee858,3
6096c561512dc14d4094f744,607491bc74c4903fd80f1141,608c5f57354c0a8eb6eee903,4
6096c563512dc14d4094f745,607491bc74c4903fd80f1141,608c5f57354c0a8eb6eee947,3
6096c564512dc14d4094f746,607491bc74c4903fd80f1141,608c5f57354c0a8eb6eee976,5
6096c566512dc14d4094f747,607491bc74c4903fd80f1141,608c5f57354c0a8eb6eee844,5
6096c568512dc14d4094f748,607491bc74c4903fd80f1141,608c5f57354c0a8eb6eee92d,5
6096c56a512dc14d4094f749,607491bc74c4903fd80f1141,608c5f57354c0a8eb6eee94a,4
6096c56c512dc14d4094f74a,607491bc74c4903fd80f1141,608c5f57354c0a8eb6eee968,5
6096c56e512dc14d4094f74b,607491bc74c4903fd80f1141,608c5f57354c0a8eb6eee977,3
6096c571512dc14d4094f74c,607491bc74c4903fd80f1141,608c5f57354c0a8eb6eee816,4
